condition_id,chunk_size,retrieval_strategy,question_id,category,chunk_size_sensitive,coverage_at_5,case,outcome,grounding_basis,n_unsupported_claims,bertscore_cosine,model,abstained_exact_match,abstained_soft_match
chunk200_bm25,200,bm25,ref_comp_01,comparative,True,0.0,B,abstained,,0,,qwen3.8-27b@q4_k_xl,True,True
chunk200_bm25,200,bm25,ref_comp_02,comparative,False,0.0,B,abstained,,0,,qwen3.8-27b@q4_k_xl,True,True
chunk200_bm25,200,bm25,ref_comp_03,comparative,False,0.0,B,abstained,,0,,qwen3.8-27b@q4_k_xl,True,True
chunk200_bm25,200,bm25,ref_comp_04,comparative,True,0.0,B,abstained,,0,,qwen3.8-27b@q4_k_xl,True,True
chunk200_bm25,200,bm25,ref_comp_06,comparative,False,0.5,C,abstained,,0,,qwen3.8-27b@q4_k_xl,True,True
chunk200_bm25,200,bm25,ref_comp_07,comparative,False,0.0,B,abstained,,0,,qwen3.8-27b@q4_k_xl,True,True
chunk200_bm25,200,bm25,ref_comp_08,comparative,False,0.5,C,abstained,,0,,qwen3.8-27b@q4_k_xl,True,True
chunk200_bm25,200,bm25,ref_comp_09,comparative,False,0.0,B,abstained,,0,,qwen3.8-27b@q4_k_xl,True,True
chunk200_bm25,200,bm25,ref_comp_10,comparative,False,0.0,B,answered_grounded_offtarget,numeric,0,,qwen3.8-27b@q4_k_xl,False,False
chunk200_bm25,200,bm25,ref_comp_11,comparative,False,0.0,B,abstained,,0,,qwen3.8-27b@q4_k_xl,True,True
chunk200_bm25,200,bm25,ref_comp_12,comparative,False,0.0,B,abstained,,0,,qwen3.8-27b@q4_k_xl,True,True
chunk200_bm25,200,bm25,ref_fact_01,factual,True,1.0,C,answered_grounded_correct,numeric,0,0.9602892398834229,qwen3.8-27b@q4_k_xl,False,False
chunk200_bm25,200,bm25,ref_fact_02,factual,False,0.0,B,abstained,,0,,qwen3.8-27b@q4_k_xl,True,True
chunk200_bm25,200,bm25,ref_fact_03,factual,False,0.0,B,abstained,,0,,qwen3.8-27b@q4_k_xl,True,True
chunk200_bm25,200,bm25,ref_fact_04,factual,False,0.0,B,abstained,,0,,qwen3.8-27b@q4_k_xl,True,True
chunk200_bm25,200,bm25,ref_fact_05,factual,False,1.0,C,answered_grounded_correct,numeric,0,1.0000001192092896,qwen3.8-27b@q4_k_xl,False,False
chunk200_bm25,200,bm25,ref_fact_06,factual,False,0.0,B,abstained,,0,,qwen3.8-27b@q4_k_xl,True,True
chunk200_bm25,200,bm25,ref_fact_07,factual,False,0.0,B,abstained,,0,,qwen3.8-27b@q4_k_xl,True,True
chunk200_bm25,200,bm25,ref_fact_08,factual,False,0.0,B,answered_grounded_correct,numeric,0,,qwen3.8-27b@q4_k_xl,False,False
chunk200_bm25,200,bm25,ref_fact_09,factual,False,1.0,C,answered_grounded_correct,numeric,0,0.9734025597572327,qwen3.8-27b@q4_k_xl,False,False
chunk200_bm25,200,bm25,ref_fact_10,factual,False,0.0,B,abstained,,0,,qwen3.8-27b@q4_k_xl,True,True
chunk200_bm25,200,bm25,ref_fact_11,factual,False,0.0,B,abstained,,0,,qwen3.8-27b@q4_k_xl,True,True
chunk200_bm25,200,bm25,ref_fact_12,factual,True,0.0,B,abstained,,0,,qwen3.8-27b@q4_k_xl,True,True
chunk200_bm25,200,bm25,ref_fact_13,factual,False,0.0,B,abstained,,0,,qwen3.8-27b@q4_k_xl,True,True
chunk200_bm25,200,bm25,ref_fact_14,factual,False,0.0,B,abstained,,0,,qwen3.8-27b@q4_k_xl,True,True
chunk200_bm25,200,bm25,ref_them_01,thematic,False,0.0,B,answered_grounded_offtarget,numeric,0,,qwen3.8-27b@q4_k_xl,False,False
chunk200_bm25,200,bm25,ref_them_02,thematic,False,0.5,C,answered_grounded_correct,numeric,0,0.8241580724716187,qwen3.8-27b@q4_k_xl,False,False
chunk200_bm25,200,bm25,ref_them_03,thematic,True,0.0,B,answered_grounded_offtarget,numeric,0,,qwen3.8-27b@q4_k_xl,False,False
chunk200_bm25,200,bm25,ref_them_04,thematic,True,0.5,C,answered_grounded_correct,numeric,0,0.7919994592666626,qwen3.8-27b@q4_k_xl,False,False
chunk200_bm25,200,bm25,ref_them_05,thematic,False,0.0,B,abstained,,0,,qwen3.8-27b@q4_k_xl,True,True
chunk200_bm25,200,bm25,ref_them_06,thematic,False,0.0,B,answered_grounded_offtarget,numeric,0,,qwen3.8-27b@q4_k_xl,False,False
chunk200_bm25,200,bm25,ref_them_07,thematic,False,0.0,B,abstained,,0,,qwen3.8-27b@q4_k_xl,True,True
chunk200_bm25,200,bm25,ref_them_08,thematic,False,0.0,B,answered_grounded_offtarget,numeric,0,,qwen3.8-27b@q4_k_xl,False,False
chunk200_bm25,200,bm25,ref_them_09,thematic,False,0.0,B,abstained,,0,,qwen3.8-27b@q4_k_xl,True,True
chunk200_bm25,200,bm25,ref_them_10,thematic,False,0.0,B,answered_grounded_offtarget,numeric,0,,qwen3.8-27b@q4_k_xl,False,False
chunk200_bm25,200,bm25,ref_them_11,thematic,False,0.0,B,answered_grounded_offtarget,numeric,0,,qwen3.8-27b@q4_k_xl,False,False
chunk200_bm25,200,bm25,ref_them_12,thematic,False,0.0,B,answered_grounded_offtarget,numeric,0,,qwen3.8-27b@q4_k_xl,False,False
chunk200_bm25,200,bm25,ref_them_13,thematic,False,0.0,B,answered_grounded_offtarget,numeric,0,,qwen3.8-27b@q4_k_xl,False,False
chunk200_bm25,200,bm25,ref_them_14,thematic,False,0.0,B,answered_grounded_offtarget,numeric,0,,qwen3.8-27b@q4_k_xl,False,False
chunk200_bm25,200,bm25,ref_them_15,thematic,True,0.0,B,abstained,,0,,qwen3.8-27b@q4_k_xl,True,True
chunk200_bm25,200,bm25,ref_unans_01,unanswerable,False,,A,answered_ungrounded,numeric,2,,qwen3.8-27b@q4_k_xl,False,False
chunk200_bm25,200,bm25,ref_unans_02,unanswerable,False,,A,abstained,,0,,qwen3.8-27b@q4_k_xl,True,True
chunk200_bm25,200,bm25,ref_unans_03,unanswerable,False,,A,abstained,,0,,qwen3.8-27b@q4_k_xl,True,True
chunk200_bm25,200,bm25,ref_unans_05,unanswerable,False,,A,abstained,,0,,qwen3.8-27b@q4_k_xl,True,True
chunk200_bm25,200,bm25,ref_unans_06,unanswerable,False,,A,abstained,,0,,qwen3.8-27b@q4_k_xl,True,True
chunk200_bm25_enriched,200,bm25,ref_comp_01,comparative,True,0.0,B,abstained,,0,,qwen3.8-27b@q4_k_xl,True,True
chunk200_bm25_enriched,200,bm25,ref_comp_02,comparative,False,0.5,C,abstained,,0,,qwen3.8-27b@q4_k_xl,True,True
chunk200_bm25_enriched,200,bm25,ref_comp_03,comparative,False,0.0,B,abstained,,0,,qwen3.8-27b@q4_k_xl,True,True
chunk200_bm25_enriched,200,bm25,ref_comp_04,comparative,True,0.0,B,abstained,,0,,qwen3.8-27b@q4_k_xl,True,True
chunk200_bm25_enriched,200,bm25,ref_comp_06,comparative,False,0.5,C,answered_grounded_correct,numeric,0,0.8682913780212402,qwen3.8-27b@q4_k_xl,False,False
chunk200_bm25_enriched,200,bm25,ref_comp_07,comparative,False,0.0,B,abstained,,0,,qwen3.8-27b@q4_k_xl,True,True
chunk200_bm25_enriched,200,bm25,ref_comp_08,comparative,False,0.5,C,abstained,,0,,qwen3.8-27b@q4_k_xl,True,True
chunk200_bm25_enriched,200,bm25,ref_comp_09,comparative,False,0.0,B,abstained,,0,,qwen3.8-27b@q4_k_xl,True,True
chunk200_bm25_enriched,200,bm25,ref_comp_10,comparative,False,0.0,B,answered_grounded_offtarget,numeric,0,,qwen3.8-27b@q4_k_xl,False,False
chunk200_bm25_enriched,200,bm25,ref_comp_11,comparative,False,0.5,C,abstained,,0,,qwen3.8-27b@q4_k_xl,True,True
chunk200_bm25_enriched,200,bm25,ref_comp_12,comparative,False,0.0,B,abstained,,0,,qwen3.8-27b@q4_k_xl,True,True
chunk200_bm25_enriched,200,bm25,ref_fact_01,factual,True,1.0,C,answered_grounded_correct,numeric,0,0.9602892398834229,qwen3.8-27b@q4_k_xl,False,False
chunk200_bm25_enriched,200,bm25,ref_fact_02,factual,False,1.0,C,answered_grounded_correct,numeric,0,0.9614651203155518,qwen3.8-27b@q4_k_xl,False,False
chunk200_bm25_enriched,200,bm25,ref_fact_03,factual,False,1.0,C,answered_grounded_correct,numeric,0,0.9912142753601074,qwen3.8-27b@q4_k_xl,False,False
chunk200_bm25_enriched,200,bm25,ref_fact_04,factual,False,0.0,B,abstained,,0,,qwen3.8-27b@q4_k_xl,True,True
chunk200_bm25_enriched,200,bm25,ref_fact_05,factual,False,1.0,C,answered_grounded_correct,numeric,0,1.0000001192092896,qwen3.8-27b@q4_k_xl,False,False
chunk200_bm25_enriched,200,bm25,ref_fact_06,factual,False,0.0,B,abstained,,0,,qwen3.8-27b@q4_k_xl,True,True
chunk200_bm25_enriched,200,bm25,ref_fact_07,factual,False,0.0,B,abstained,,0,,qwen3.8-27b@q4_k_xl,True,True
chunk200_bm25_enriched,200,bm25,ref_fact_08,factual,False,0.0,B,abstained,,0,,qwen3.8-27b@q4_k_xl,True,True
chunk200_bm25_enriched,200,bm25,ref_fact_09,factual,False,1.0,C,answered_grounded_correct,numeric,0,0.9734025597572327,qwen3.8-27b@q4_k_xl,False,False
chunk200_bm25_enriched,200,bm25,ref_fact_10,factual,False,0.0,B,abstained,,0,,qwen3.8-27b@q4_k_xl,True,True
chunk200_bm25_enriched,200,bm25,ref_fact_11,factual,False,1.0,C,answered_grounded_correct,numeric,0,0.9151809811592102,qwen3.8-27b@q4_k_xl,False,False
chunk200_bm25_enriched,200,bm25,ref_fact_12,factual,True,0.0,B,abstained,,0,,qwen3.8-27b@q4_k_xl,True,True
chunk200_bm25_enriched,200,bm25,ref_fact_13,factual,False,0.0,B,abstained,,0,,qwen3.8-27b@q4_k_xl,True,True
chunk200_bm25_enriched,200,bm25,ref_fact_14,factual,False,1.0,C,abstained,,0,,qwen3.8-27b@q4_k_xl,True,True
chunk200_bm25_enriched,200,bm25,ref_them_01,thematic,False,0.0,B,answered_grounded_offtarget,numeric,0,,qwen3.8-27b@q4_k_xl,False,False
chunk200_bm25_enriched,200,bm25,ref_them_02,thematic,False,0.5,C,answered_grounded_correct,numeric,0,0.8332440853118896,qwen3.8-27b@q4_k_xl,False,False
chunk200_bm25_enriched,200,bm25,ref_them_03,thematic,True,0.0,B,answered_grounded_offtarget,numeric,0,,qwen3.8-27b@q4_k_xl,False,False
chunk200_bm25_enriched,200,bm25,ref_them_04,thematic,True,0.0,B,answered_grounded_offtarget,numeric,0,,qwen3.8-27b@q4_k_xl,False,False
chunk200_bm25_enriched,200,bm25,ref_them_05,thematic,False,0.0,B,abstained,,0,,qwen3.8-27b@q4_k_xl,True,True
chunk200_bm25_enriched,200,bm25,ref_them_06,thematic,False,0.0,B,answered_grounded_offtarget,numeric,0,,qwen3.8-27b@q4_k_xl,False,False
chunk200_bm25_enriched,200,bm25,ref_them_07,thematic,False,0.0,B,answered_grounded_offtarget,numeric,0,,qwen3.8-27b@q4_k_xl,False,False
chunk200_bm25_enriched,200,bm25,ref_them_08,thematic,False,0.0,B,answered_grounded_offtarget,numeric,0,,qwen3.8-27b@q4_k_xl,False,False
chunk200_bm25_enriched,200,bm25,ref_them_09,thematic,False,0.0,B,abstained,,0,,qwen3.8-27b@q4_k_xl,True,True
chunk200_bm25_enriched,200,bm25,ref_them_10,thematic,False,0.0,B,answered_grounded_offtarget,numeric,0,,qwen3.8-27b@q4_k_xl,False,False
chunk200_bm25_enriched,200,bm25,ref_them_11,thematic,False,0.0,B,answered_grounded_correct,numeric,0,,qwen3.8-27b@q4_k_xl,False,False
chunk200_bm25_enriched,200,bm25,ref_them_12,thematic,False,0.0,B,answered_grounded_offtarget,numeric,0,,qwen3.8-27b@q4_k_xl,False,False
chunk200_bm25_enriched,200,bm25,ref_them_13,thematic,False,0.0,B,answered_grounded_correct,numeric,0,,qwen3.8-27b@q4_k_xl,False,False
chunk200_bm25_enriched,200,bm25,ref_them_14,thematic,False,0.0,B,answered_grounded_correct,numeric,0,,qwen3.8-27b@q4_k_xl,False,False
chunk200_bm25_enriched,200,bm25,ref_them_15,thematic,True,0.0,B,abstained,,0,,qwen3.8-27b@q4_k_xl,True,True
chunk200_bm25_enriched,200,bm25,ref_unans_01,unanswerable,False,,A,answered_ungrounded,numeric,1,,qwen3.8-27b@q4_k_xl,False,False
chunk200_bm25_enriched,200,bm25,ref_unans_02,unanswerable,False,,A,abstained,,0,,qwen3.8-27b@q4_k_xl,True,True
chunk200_bm25_enriched,200,bm25,ref_unans_03,unanswerable,False,,A,abstained,,0,,qwen3.8-27b@q4_k_xl,True,True
chunk200_bm25_enriched,200,bm25,ref_unans_05,unanswerable,False,,A,abstained,,0,,qwen3.8-27b@q4_k_xl,True,True
chunk200_bm25_enriched,200,bm25,ref_unans_06,unanswerable,False,,A,abstained,,0,,qwen3.8-27b@q4_k_xl,True,True
chunk200_dense,200,dense,ref_comp_01,comparative,True,0.0,B,abstained,,0,,qwen3.8-27b@q4_k_xl,True,True
chunk200_dense,200,dense,ref_comp_02,comparative,False,0.0,B,abstained,,0,,qwen3.8-27b@q4_k_xl,True,True
chunk200_dense,200,dense,ref_comp_03,comparative,False,0.0,B,abstained,,0,,qwen3.8-27b@q4_k_xl,True,True
chunk200_dense,200,dense,ref_comp_04,comparative,True,0.0,B,abstained,,0,,qwen3.8-27b@q4_k_xl,True,True
chunk200_dense,200,dense,ref_comp_06,comparative,False,0.0,B,abstained,,0,,qwen3.8-27b@q4_k_xl,True,True
chunk200_dense,200,dense,ref_comp_07,comparative,False,0.0,B,abstained,,0,,qwen3.8-27b@q4_k_xl,True,True
chunk200_dense,200,dense,ref_comp_08,comparative,False,0.5,C,abstained,,0,,qwen3.8-27b@q4_k_xl,True,True
chunk200_dense,200,dense,ref_comp_09,comparative,False,0.0,B,abstained,,0,,qwen3.8-27b@q4_k_xl,True,True
chunk200_dense,200,dense,ref_comp_10,comparative,False,0.0,B,abstained,,0,,qwen3.8-27b@q4_k_xl,True,True
chunk200_dense,200,dense,ref_comp_11,comparative,False,0.0,B,abstained,,0,,qwen3.8-27b@q4_k_xl,True,True
chunk200_dense,200,dense,ref_comp_12,comparative,False,0.0,B,abstained,,0,,qwen3.8-27b@q4_k_xl,True,True
chunk200_dense,200,dense,ref_fact_01,factual,True,0.0,B,abstained,,0,,qwen3.8-27b@q4_k_xl,True,True
chunk200_dense,200,dense,ref_fact_02,factual,False,0.0,B,abstained,,0,,qwen3.8-27b@q4_k_xl,True,True
chunk200_dense,200,dense,ref_fact_03,factual,False,0.0,B,abstained,,0,,qwen3.8-27b@q4_k_xl,True,True
chunk200_dense,200,dense,ref_fact_04,factual,False,0.0,B,abstained,,0,,qwen3.8-27b@q4_k_xl,True,True
chunk200_dense,200,dense,ref_fact_05,factual,False,0.0,B,abstained,,0,,qwen3.8-27b@q4_k_xl,True,True
chunk200_dense,200,dense,ref_fact_06,factual,False,0.0,B,abstained,,0,,qwen3.8-27b@q4_k_xl,True,True
chunk200_dense,200,dense,ref_fact_07,factual,False,0.0,B,abstained,,0,,qwen3.8-27b@q4_k_xl,True,True
chunk200_dense,200,dense,ref_fact_08,factual,False,0.0,B,abstained,,0,,qwen3.8-27b@q4_k_xl,True,True
chunk200_dense,200,dense,ref_fact_09,factual,False,1.0,C,answered_grounded_correct,numeric,0,0.9734025597572327,qwen3.8-27b@q4_k_xl,False,False
chunk200_dense,200,dense,ref_fact_10,factual,False,0.0,B,abstained,,0,,qwen3.8-27b@q4_k_xl,True,True
chunk200_dense,200,dense,ref_fact_11,factual,False,0.0,B,abstained,,0,,qwen3.8-27b@q4_k_xl,True,True
chunk200_dense,200,dense,ref_fact_12,factual,True,1.0,C,answered_grounded_correct,numeric,0,0.9789583086967468,qwen3.8-27b@q4_k_xl,False,False
chunk200_dense,200,dense,ref_fact_13,factual,False,0.0,B,abstained,,0,,qwen3.8-27b@q4_k_xl,True,True
chunk200_dense,200,dense,ref_fact_14,factual,False,0.0,B,abstained,,0,,qwen3.8-27b@q4_k_xl,True,True
chunk200_dense,200,dense,ref_them_01,thematic,False,0.0,B,answered_grounded_offtarget,numeric,0,,qwen3.8-27b@q4_k_xl,False,False
chunk200_dense,200,dense,ref_them_02,thematic,False,0.0,B,answered_grounded_correct,numeric,0,,qwen3.8-27b@q4_k_xl,False,False
chunk200_dense,200,dense,ref_them_03,thematic,True,0.0,B,answered_grounded_offtarget,numeric,0,,qwen3.8-27b@q4_k_xl,False,False
chunk200_dense,200,dense,ref_them_04,thematic,True,0.5,C,answered_grounded_correct,numeric,0,0.7716410160064697,qwen3.8-27b@q4_k_xl,False,False
chunk200_dense,200,dense,ref_them_05,thematic,False,0.0,B,abstained,,0,,qwen3.8-27b@q4_k_xl,True,True
chunk200_dense,200,dense,ref_them_06,thematic,False,0.0,B,answered_grounded_offtarget,numeric,0,,qwen3.8-27b@q4_k_xl,False,False
chunk200_dense,200,dense,ref_them_07,thematic,False,0.0,B,abstained,,0,,qwen3.8-27b@q4_k_xl,True,True
chunk200_dense,200,dense,ref_them_08,thematic,False,0.0,B,answered_grounded_offtarget,numeric,0,,qwen3.8-27b@q4_k_xl,False,False
chunk200_dense,200,dense,ref_them_09,thematic,False,0.0,B,answered_grounded_offtarget,numeric,0,,qwen3.8-27b@q4_k_xl,False,False
chunk200_dense,200,dense,ref_them_10,thematic,False,0.0,B,answered_grounded_offtarget,numeric,0,,qwen3.8-27b@q4_k_xl,False,False
chunk200_dense,200,dense,ref_them_11,thematic,False,0.0,B,answered_grounded_offtarget,numeric,0,,qwen3.8-27b@q4_k_xl,False,False
chunk200_dense,200,dense,ref_them_12,thematic,False,0.0,B,answered_grounded_offtarget,numeric,0,,qwen3.8-27b@q4_k_xl,False,False
chunk200_dense,200,dense,ref_them_13,thematic,False,0.0,B,answered_grounded_offtarget,numeric,0,,qwen3.8-27b@q4_k_xl,False,False
chunk200_dense,200,dense,ref_them_14,thematic,False,0.0,B,answered_grounded_offtarget,numeric,0,,qwen3.8-27b@q4_k_xl,False,False
chunk200_dense,200,dense,ref_them_15,thematic,True,0.3333333333333333,C,answered_grounded_correct,numeric,0,0.8876651525497437,qwen3.8-27b@q4_k_xl,False,False
chunk200_dense,200,dense,ref_unans_01,unanswerable,False,,A,answered_grounded_offtarget,numeric,0,,qwen3.8-27b@q4_k_xl,False,False
chunk200_dense,200,dense,ref_unans_02,unanswerable,False,,A,abstained,,0,,qwen3.8-27b@q4_k_xl,True,True
chunk200_dense,200,dense,ref_unans_03,unanswerable,False,,A,abstained,,0,,qwen3.8-27b@q4_k_xl,True,True
chunk200_dense,200,dense,ref_unans_05,unanswerable,False,,A,abstained,,0,,qwen3.8-27b@q4_k_xl,True,True
chunk200_dense,200,dense,ref_unans_06,unanswerable,False,,A,abstained,,0,,qwen3.8-27b@q4_k_xl,True,True
chunk200_dense_enriched,200,dense,ref_comp_01,comparative,True,0.5,C,answered_grounded_offtarget,ngram_fallback (answer has no numeric claims),0,0.7856764793395996,qwen3.8-27b@q4_k_xl,False,False
chunk200_dense_enriched,200,dense,ref_comp_02,comparative,False,0.5,C,abstained,,0,,qwen3.8-27b@q4_k_xl,True,True
chunk200_dense_enriched,200,dense,ref_comp_03,comparative,False,0.0,B,abstained,,0,,qwen3.8-27b@q4_k_xl,True,True
chunk200_dense_enriched,200,dense,ref_comp_04,comparative,True,0.0,B,abstained,,0,,qwen3.8-27b@q4_k_xl,True,True
chunk200_dense_enriched,200,dense,ref_comp_06,comparative,False,0.5,C,answered_grounded_correct,numeric,0,0.9204815626144409,qwen3.8-27b@q4_k_xl,False,False
chunk200_dense_enriched,200,dense,ref_comp_07,comparative,False,0.5,C,abstained,,0,,qwen3.8-27b@q4_k_xl,True,True
chunk200_dense_enriched,200,dense,ref_comp_08,comparative,False,0.5,C,abstained,,0,,qwen3.8-27b@q4_k_xl,True,True
chunk200_dense_enriched,200,dense,ref_comp_09,comparative,False,0.0,B,abstained,,0,,qwen3.8-27b@q4_k_xl,True,True
chunk200_dense_enriched,200,dense,ref_comp_10,comparative,False,0.0,B,abstained,,0,,qwen3.8-27b@q4_k_xl,True,True
chunk200_dense_enriched,200,dense,ref_comp_11,comparative,False,1.0,C,answered_grounded_correct,numeric,0,0.8910814523696899,qwen3.8-27b@q4_k_xl,False,False
chunk200_dense_enriched,200,dense,ref_comp_12,comparative,False,0.5,C,abstained,,0,,qwen3.8-27b@q4_k_xl,True,True
chunk200_dense_enriched,200,dense,ref_fact_01,factual,True,1.0,C,answered_grounded_correct,numeric,0,0.9602892398834229,qwen3.8-27b@q4_k_xl,False,False
chunk200_dense_enriched,200,dense,ref_fact_02,factual,False,1.0,C,answered_grounded_correct,numeric,0,1.0,qwen3.8-27b@q4_k_xl,False,False
chunk200_dense_enriched,200,dense,ref_fact_03,factual,False,1.0,C,answered_grounded_correct,numeric,0,0.9912142753601074,qwen3.8-27b@q4_k_xl,False,False
chunk200_dense_enriched,200,dense,ref_fact_04,factual,False,1.0,C,answered_grounded_correct,numeric,0,0.9838651418685913,qwen3.8-27b@q4_k_xl,False,False
chunk200_dense_enriched,200,dense,ref_fact_05,factual,False,1.0,C,answered_grounded_correct,numeric,0,1.0000001192092896,qwen3.8-27b@q4_k_xl,False,False
chunk200_dense_enriched,200,dense,ref_fact_06,factual,False,0.0,B,abstained,,0,,qwen3.8-27b@q4_k_xl,True,True
chunk200_dense_enriched,200,dense,ref_fact_07,factual,False,1.0,C,answered_grounded_correct,numeric,0,0.9264798164367676,qwen3.8-27b@q4_k_xl,False,False
chunk200_dense_enriched,200,dense,ref_fact_08,factual,False,0.0,B,abstained,,0,,qwen3.8-27b@q4_k_xl,True,True
chunk200_dense_enriched,200,dense,ref_fact_09,factual,False,1.0,C,answered_grounded_correct,numeric,0,0.9766707420349121,qwen3.8-27b@q4_k_xl,False,False
chunk200_dense_enriched,200,dense,ref_fact_10,factual,False,1.0,C,answered_grounded_correct,numeric,0,0.9013785719871521,qwen3.8-27b@q4_k_xl,False,False
chunk200_dense_enriched,200,dense,ref_fact_11,factual,False,1.0,C,answered_grounded_correct,numeric,0,0.9151809811592102,qwen3.8-27b@q4_k_xl,False,False
chunk200_dense_enriched,200,dense,ref_fact_12,factual,True,1.0,C,answered_grounded_correct,numeric,0,0.965849757194519,qwen3.8-27b@q4_k_xl,False,False
chunk200_dense_enriched,200,dense,ref_fact_13,factual,False,1.0,C,answered_grounded_correct,numeric,0,0.9486373662948608,qwen3.8-27b@q4_k_xl,False,False
chunk200_dense_enriched,200,dense,ref_fact_14,factual,False,0.0,B,abstained,,0,,qwen3.8-27b@q4_k_xl,True,True
chunk200_dense_enriched,200,dense,ref_them_01,thematic,False,0.0,B,answered_grounded_offtarget,numeric,0,,qwen3.8-27b@q4_k_xl,False,False
chunk200_dense_enriched,200,dense,ref_them_02,thematic,False,0.0,B,answered_grounded_offtarget,numeric,0,,qwen3.8-27b@q4_k_xl,False,False
chunk200_dense_enriched,200,dense,ref_them_03,thematic,True,0.0,B,answered_grounded_offtarget,numeric,0,,qwen3.8-27b@q4_k_xl,False,False
chunk200_dense_enriched,200,dense,ref_them_04,thematic,True,0.5,C,answered_grounded_correct,numeric,0,0.7767198085784912,qwen3.8-27b@q4_k_xl,False,False
chunk200_dense_enriched,200,dense,ref_them_05,thematic,False,0.0,B,abstained,,0,,qwen3.8-27b@q4_k_xl,True,True
chunk200_dense_enriched,200,dense,ref_them_06,thematic,False,0.0,B,answered_grounded_offtarget,numeric,0,,qwen3.8-27b@q4_k_xl,False,False
chunk200_dense_enriched,200,dense,ref_them_07,thematic,False,0.5,C,answered_grounded_correct,numeric,0,0.7487812042236328,qwen3.8-27b@q4_k_xl,False,False
chunk200_dense_enriched,200,dense,ref_them_08,thematic,False,0.0,B,answered_grounded_offtarget,numeric,0,,qwen3.8-27b@q4_k_xl,False,False
chunk200_dense_enriched,200,dense,ref_them_09,thematic,False,0.0,B,answered_grounded_offtarget,numeric,0,,qwen3.8-27b@q4_k_xl,False,False
chunk200_dense_enriched,200,dense,ref_them_10,thematic,False,0.0,B,answered_grounded_offtarget,numeric,0,,qwen3.8-27b@q4_k_xl,False,False
chunk200_dense_enriched,200,dense,ref_them_11,thematic,False,0.0,B,answered_grounded_offtarget,numeric,0,,qwen3.8-27b@q4_k_xl,False,False
chunk200_dense_enriched,200,dense,ref_them_12,thematic,False,0.0,B,answered_grounded_offtarget,numeric,0,,qwen3.8-27b@q4_k_xl,False,False
chunk200_dense_enriched,200,dense,ref_them_13,thematic,False,0.3333333333333333,C,answered_grounded_correct,numeric,0,0.9264692068099976,qwen3.8-27b@q4_k_xl,False,False
chunk200_dense_enriched,200,dense,ref_them_14,thematic,False,0.0,B,answered_grounded_correct,numeric,0,,qwen3.8-27b@q4_k_xl,False,False
chunk200_dense_enriched,200,dense,ref_them_15,thematic,True,0.0,B,abstained,,0,,qwen3.8-27b@q4_k_xl,True,True
chunk200_dense_enriched,200,dense,ref_unans_01,unanswerable,False,,A,abstained,,0,,qwen3.8-27b@q4_k_xl,True,True
chunk200_dense_enriched,200,dense,ref_unans_02,unanswerable,False,,A,abstained,,0,,qwen3.8-27b@q4_k_xl,True,True
chunk200_dense_enriched,200,dense,ref_unans_03,unanswerable,False,,A,abstained,,0,,qwen3.8-27b@q4_k_xl,True,True
chunk200_dense_enriched,200,dense,ref_unans_05,unanswerable,False,,A,abstained,,0,,qwen3.8-27b@q4_k_xl,True,True
chunk200_dense_enriched,200,dense,ref_unans_06,unanswerable,False,,A,abstained,,0,,qwen3.8-27b@q4_k_xl,True,True
chunk200_hybrid,200,hybrid,ref_comp_01,comparative,True,0.0,B,answered_grounded_offtarget,numeric,0,,qwen3.8-27b@q4_k_xl,False,False
chunk200_hybrid,200,hybrid,ref_comp_02,comparative,False,0.0,B,abstained,,0,,qwen3.8-27b@q4_k_xl,True,True
chunk200_hybrid,200,hybrid,ref_comp_03,comparative,False,0.0,B,abstained,,0,,qwen3.8-27b@q4_k_xl,True,True
chunk200_hybrid,200,hybrid,ref_comp_04,comparative,True,0.0,B,abstained,,0,,qwen3.8-27b@q4_k_xl,True,True
chunk200_hybrid,200,hybrid,ref_comp_06,comparative,False,0.5,C,abstained,,0,,qwen3.8-27b@q4_k_xl,True,True
chunk200_hybrid,200,hybrid,ref_comp_07,comparative,False,0.0,B,abstained,,0,,qwen3.8-27b@q4_k_xl,True,True
chunk200_hybrid,200,hybrid,ref_comp_08,comparative,False,0.5,C,abstained,,0,,qwen3.8-27b@q4_k_xl,True,True
chunk200_hybrid,200,hybrid,ref_comp_09,comparative,False,0.0,B,abstained,,0,,qwen3.8-27b@q4_k_xl,True,True
chunk200_hybrid,200,hybrid,ref_comp_10,comparative,False,0.0,B,abstained,,0,,qwen3.8-27b@q4_k_xl,True,True
chunk200_hybrid,200,hybrid,ref_comp_11,comparative,False,0.5,C,abstained,,0,,qwen3.8-27b@q4_k_xl,True,True
chunk200_hybrid,200,hybrid,ref_comp_12,comparative,False,0.0,B,abstained,,0,,qwen3.8-27b@q4_k_xl,True,True
chunk200_hybrid,200,hybrid,ref_fact_01,factual,True,1.0,C,answered_grounded_correct,numeric,0,0.9597574472427368,qwen3.8-27b@q4_k_xl,False,False
chunk200_hybrid,200,hybrid,ref_fact_02,factual,False,0.0,B,abstained,,0,,qwen3.8-27b@q4_k_xl,True,True
chunk200_hybrid,200,hybrid,ref_fact_03,factual,False,0.0,B,abstained,,0,,qwen3.8-27b@q4_k_xl,True,True
chunk200_hybrid,200,hybrid,ref_fact_04,factual,False,0.0,B,abstained,,0,,qwen3.8-27b@q4_k_xl,True,True
chunk200_hybrid,200,hybrid,ref_fact_05,factual,False,1.0,C,answered_grounded_correct,numeric,0,1.0000001192092896,qwen3.8-27b@q4_k_xl,False,False
chunk200_hybrid,200,hybrid,ref_fact_06,factual,False,0.0,B,abstained,,0,,qwen3.8-27b@q4_k_xl,True,True
chunk200_hybrid,200,hybrid,ref_fact_07,factual,False,0.0,B,abstained,,0,,qwen3.8-27b@q4_k_xl,True,True
chunk200_hybrid,200,hybrid,ref_fact_08,factual,False,0.0,B,abstained,,0,,qwen3.8-27b@q4_k_xl,True,True
chunk200_hybrid,200,hybrid,ref_fact_09,factual,False,1.0,C,answered_grounded_correct,numeric,0,0.9664744138717651,qwen3.8-27b@q4_k_xl,False,False
chunk200_hybrid,200,hybrid,ref_fact_10,factual,False,0.0,B,abstained,,0,,qwen3.8-27b@q4_k_xl,True,True
chunk200_hybrid,200,hybrid,ref_fact_11,factual,False,0.0,B,abstained,,0,,qwen3.8-27b@q4_k_xl,True,True
chunk200_hybrid,200,hybrid,ref_fact_12,factual,True,1.0,C,answered_grounded_correct,numeric,0,0.9789583086967468,qwen3.8-27b@q4_k_xl,False,False
chunk200_hybrid,200,hybrid,ref_fact_13,factual,False,0.0,B,abstained,,0,,qwen3.8-27b@q4_k_xl,True,True
chunk200_hybrid,200,hybrid,ref_fact_14,factual,False,0.0,B,abstained,,0,,qwen3.8-27b@q4_k_xl,True,True
chunk200_hybrid,200,hybrid,ref_them_01,thematic,False,0.0,B,answered_grounded_offtarget,numeric,0,,qwen3.8-27b@q4_k_xl,False,False
chunk200_hybrid,200,hybrid,ref_them_02,thematic,False,0.0,B,answered_grounded_correct,numeric,0,,qwen3.8-27b@q4_k_xl,False,False
chunk200_hybrid,200,hybrid,ref_them_03,thematic,True,0.0,B,answered_grounded_offtarget,numeric,0,,qwen3.8-27b@q4_k_xl,False,False
chunk200_hybrid,200,hybrid,ref_them_04,thematic,True,0.5,C,answered_grounded_correct,numeric,0,0.7695805430412292,qwen3.8-27b@q4_k_xl,False,False
chunk200_hybrid,200,hybrid,ref_them_05,thematic,False,0.0,B,abstained,,0,,qwen3.8-27b@q4_k_xl,True,True
chunk200_hybrid,200,hybrid,ref_them_06,thematic,False,0.5,C,answered_grounded_correct,numeric,0,0.738608717918396,qwen3.8-27b@q4_k_xl,False,False
chunk200_hybrid,200,hybrid,ref_them_07,thematic,False,0.0,B,abstained,,0,,qwen3.8-27b@q4_k_xl,True,True
chunk200_hybrid,200,hybrid,ref_them_08,thematic,False,0.0,B,answered_grounded_offtarget,numeric,0,,qwen3.8-27b@q4_k_xl,False,False
chunk200_hybrid,200,hybrid,ref_them_09,thematic,False,0.0,B,abstained,,0,,qwen3.8-27b@q4_k_xl,True,True
chunk200_hybrid,200,hybrid,ref_them_10,thematic,False,0.0,B,answered_grounded_offtarget,numeric,0,,qwen3.8-27b@q4_k_xl,False,False
chunk200_hybrid,200,hybrid,ref_them_11,thematic,False,0.0,B,answered_grounded_offtarget,numeric,0,,qwen3.8-27b@q4_k_xl,False,False
chunk200_hybrid,200,hybrid,ref_them_12,thematic,False,0.0,B,answered_ungrounded,numeric,1,,qwen3.8-27b@q4_k_xl,False,False
chunk200_hybrid,200,hybrid,ref_them_13,thematic,False,0.0,B,answered_grounded_offtarget,numeric,0,,qwen3.8-27b@q4_k_xl,False,False
chunk200_hybrid,200,hybrid,ref_them_14,thematic,False,0.0,B,answered_grounded_offtarget,numeric,0,,qwen3.8-27b@q4_k_xl,False,False
chunk200_hybrid,200,hybrid,ref_them_15,thematic,True,0.0,B,answered_grounded_offtarget,numeric,0,,qwen3.8-27b@q4_k_xl,False,False
chunk200_hybrid,200,hybrid,ref_unans_01,unanswerable,False,,A,abstained,,0,,qwen3.8-27b@q4_k_xl,True,True
chunk200_hybrid,200,hybrid,ref_unans_02,unanswerable,False,,A,abstained,,0,,qwen3.8-27b@q4_k_xl,True,True
chunk200_hybrid,200,hybrid,ref_unans_03,unanswerable,False,,A,abstained,,0,,qwen3.8-27b@q4_k_xl,True,True
chunk200_hybrid,200,hybrid,ref_unans_05,unanswerable,False,,A,abstained,,0,,qwen3.8-27b@q4_k_xl,True,True
chunk200_hybrid,200,hybrid,ref_unans_06,unanswerable,False,,A,abstained,,0,,qwen3.8-27b@q4_k_xl,True,True
chunk200_hybrid_enriched,200,hybrid,ref_comp_01,comparative,True,0.0,B,answered_grounded_offtarget,numeric,0,,qwen3.8-27b@q4_k_xl,False,False
chunk200_hybrid_enriched,200,hybrid,ref_comp_02,comparative,False,0.5,C,abstained,,0,,qwen3.8-27b@q4_k_xl,True,True
chunk200_hybrid_enriched,200,hybrid,ref_comp_03,comparative,False,0.0,B,abstained,,0,,qwen3.8-27b@q4_k_xl,True,True
chunk200_hybrid_enriched,200,hybrid,ref_comp_04,comparative,True,0.5,C,abstained,,0,,qwen3.8-27b@q4_k_xl,True,True
chunk200_hybrid_enriched,200,hybrid,ref_comp_06,comparative,False,0.5,C,answered_grounded_correct,numeric,0,0.9207646250724792,qwen3.8-27b@q4_k_xl,False,False
chunk200_hybrid_enriched,200,hybrid,ref_comp_07,comparative,False,0.5,C,answered_grounded_correct,numeric,0,0.7676726579666138,qwen3.8-27b@q4_k_xl,False,False
chunk200_hybrid_enriched,200,hybrid,ref_comp_08,comparative,False,0.5,C,abstained,,0,,qwen3.8-27b@q4_k_xl,True,True
chunk200_hybrid_enriched,200,hybrid,ref_comp_09,comparative,False,0.0,B,abstained,,0,,qwen3.8-27b@q4_k_xl,True,True
chunk200_hybrid_enriched,200,hybrid,ref_comp_10,comparative,False,0.0,B,abstained,,0,,qwen3.8-27b@q4_k_xl,True,True
chunk200_hybrid_enriched,200,hybrid,ref_comp_11,comparative,False,0.5,C,answered_grounded_correct,numeric,0,0.8200346231460571,qwen3.8-27b@q4_k_xl,False,False
chunk200_hybrid_enriched,200,hybrid,ref_comp_12,comparative,False,0.0,B,abstained,,0,,qwen3.8-27b@q4_k_xl,True,True
chunk200_hybrid_enriched,200,hybrid,ref_fact_01,factual,True,1.0,C,answered_grounded_correct,numeric,0,0.9602892398834229,qwen3.8-27b@q4_k_xl,False,False
chunk200_hybrid_enriched,200,hybrid,ref_fact_02,factual,False,1.0,C,answered_grounded_correct,numeric,0,0.9659554362297058,qwen3.8-27b@q4_k_xl,False,False
chunk200_hybrid_enriched,200,hybrid,ref_fact_03,factual,False,1.0,C,answered_grounded_correct,numeric,0,0.9870129823684692,qwen3.8-27b@q4_k_xl,False,False
chunk200_hybrid_enriched,200,hybrid,ref_fact_04,factual,False,1.0,C,answered_grounded_correct,numeric,0,0.8822896480560303,qwen3.8-27b@q4_k_xl,False,False
chunk200_hybrid_enriched,200,hybrid,ref_fact_05,factual,False,1.0,C,answered_grounded_correct,numeric,0,1.0000001192092896,qwen3.8-27b@q4_k_xl,False,False
chunk200_hybrid_enriched,200,hybrid,ref_fact_06,factual,False,0.0,B,abstained,,0,,qwen3.8-27b@q4_k_xl,True,True
chunk200_hybrid_enriched,200,hybrid,ref_fact_07,factual,False,1.0,C,answered_grounded_correct,numeric,0,0.8812831044197083,qwen3.8-27b@q4_k_xl,False,False
chunk200_hybrid_enriched,200,hybrid,ref_fact_08,factual,False,0.0,B,abstained,,0,,qwen3.8-27b@q4_k_xl,True,True
chunk200_hybrid_enriched,200,hybrid,ref_fact_09,factual,False,1.0,C,answered_grounded_correct,numeric,0,0.970974326133728,qwen3.8-27b@q4_k_xl,False,False
chunk200_hybrid_enriched,200,hybrid,ref_fact_10,factual,False,1.0,C,answered_grounded_correct,numeric,0,0.8164808750152588,qwen3.8-27b@q4_k_xl,False,False
chunk200_hybrid_enriched,200,hybrid,ref_fact_11,factual,False,1.0,C,answered_grounded_correct,numeric,0,0.9151809811592102,qwen3.8-27b@q4_k_xl,False,False
chunk200_hybrid_enriched,200,hybrid,ref_fact_12,factual,True,1.0,C,answered_grounded_correct,numeric,0,0.9789583086967468,qwen3.8-27b@q4_k_xl,False,False
chunk200_hybrid_enriched,200,hybrid,ref_fact_13,factual,False,1.0,C,answered_grounded_correct,numeric,0,0.8753469586372375,qwen3.8-27b@q4_k_xl,False,False
chunk200_hybrid_enriched,200,hybrid,ref_fact_14,factual,False,0.0,B,abstained,,0,,qwen3.8-27b@q4_k_xl,True,True
chunk200_hybrid_enriched,200,hybrid,ref_them_01,thematic,False,0.0,B,answered_grounded_offtarget,numeric,0,,qwen3.8-27b@q4_k_xl,False,False
chunk200_hybrid_enriched,200,hybrid,ref_them_02,thematic,False,0.5,C,answered_grounded_correct,numeric,0,0.801067054271698,qwen3.8-27b@q4_k_xl,False,False
chunk200_hybrid_enriched,200,hybrid,ref_them_03,thematic,True,0.0,B,answered_grounded_offtarget,numeric,0,,qwen3.8-27b@q4_k_xl,False,False
chunk200_hybrid_enriched,200,hybrid,ref_them_04,thematic,True,0.5,C,answered_grounded_correct,numeric,0,0.6998188495635986,qwen3.8-27b@q4_k_xl,False,False
chunk200_hybrid_enriched,200,hybrid,ref_them_05,thematic,False,0.0,B,answered_ungrounded,numeric,1,,qwen3.8-27b@q4_k_xl,False,False
chunk200_hybrid_enriched,200,hybrid,ref_them_06,thematic,False,0.0,B,answered_grounded_offtarget,numeric,0,,qwen3.8-27b@q4_k_xl,False,False
chunk200_hybrid_enriched,200,hybrid,ref_them_07,thematic,False,0.0,B,answered_grounded_offtarget,numeric,0,,qwen3.8-27b@q4_k_xl,False,False
chunk200_hybrid_enriched,200,hybrid,ref_them_08,thematic,False,0.0,B,answered_grounded_correct,numeric,0,,qwen3.8-27b@q4_k_xl,False,False
chunk200_hybrid_enriched,200,hybrid,ref_them_09,thematic,False,0.0,B,answered_grounded_offtarget,numeric,0,,qwen3.8-27b@q4_k_xl,False,False
chunk200_hybrid_enriched,200,hybrid,ref_them_10,thematic,False,0.0,B,answered_grounded_offtarget,numeric,0,,qwen3.8-27b@q4_k_xl,False,False
chunk200_hybrid_enriched,200,hybrid,ref_them_11,thematic,False,0.0,B,answered_grounded_correct,numeric,0,,qwen3.8-27b@q4_k_xl,False,False
chunk200_hybrid_enriched,200,hybrid,ref_them_12,thematic,False,0.0,B,answered_ungrounded,numeric,1,,qwen3.8-27b@q4_k_xl,False,False
chunk200_hybrid_enriched,200,hybrid,ref_them_13,thematic,False,0.6666666666666666,C,answered_grounded_correct,numeric,0,0.9106459617614746,qwen3.8-27b@q4_k_xl,False,False
chunk200_hybrid_enriched,200,hybrid,ref_them_14,thematic,False,0.0,B,answered_grounded_correct,numeric,0,,qwen3.8-27b@q4_k_xl,False,False
chunk200_hybrid_enriched,200,hybrid,ref_them_15,thematic,True,0.0,B,abstained,,0,,qwen3.8-27b@q4_k_xl,True,True
chunk200_hybrid_enriched,200,hybrid,ref_unans_01,unanswerable,False,,A,abstained,,0,,qwen3.8-27b@q4_k_xl,True,True
chunk200_hybrid_enriched,200,hybrid,ref_unans_02,unanswerable,False,,A,abstained,,0,,qwen3.8-27b@q4_k_xl,True,True
chunk200_hybrid_enriched,200,hybrid,ref_unans_03,unanswerable,False,,A,abstained,,0,,qwen3.8-27b@q4_k_xl,True,True
chunk200_hybrid_enriched,200,hybrid,ref_unans_05,unanswerable,False,,A,abstained,,0,,qwen3.8-27b@q4_k_xl,True,True
chunk200_hybrid_enriched,200,hybrid,ref_unans_06,unanswerable,False,,A,abstained,,0,,qwen3.8-27b@q4_k_xl,True,True
chunk500_bm25,500,bm25,ref_comp_01,comparative,True,0.0,B,abstained,,0,,qwen3.8-27b@q4_k_xl,False,True
chunk500_bm25,500,bm25,ref_comp_02,comparative,False,0.5,C,abstained,,0,,qwen3.8-27b@q4_k_xl,True,True
chunk500_bm25,500,bm25,ref_comp_03,comparative,False,0.0,B,abstained,,0,,qwen3.8-27b@q4_k_xl,True,True
chunk500_bm25,500,bm25,ref_comp_04,comparative,True,0.0,B,abstained,,0,,qwen3.8-27b@q4_k_xl,True,True
chunk500_bm25,500,bm25,ref_comp_06,comparative,False,0.5,C,abstained,,0,,qwen3.8-27b@q4_k_xl,True,True
chunk500_bm25,500,bm25,ref_comp_07,comparative,False,0.0,B,abstained,,0,,qwen3.8-27b@q4_k_xl,True,True
chunk500_bm25,500,bm25,ref_comp_08,comparative,False,0.5,C,answered_grounded_correct,numeric,0,0.8877383470535278,qwen3.8-27b@q4_k_xl,False,False
chunk500_bm25,500,bm25,ref_comp_09,comparative,False,0.0,B,abstained,,0,,qwen3.8-27b@q4_k_xl,True,True
chunk500_bm25,500,bm25,ref_comp_10,comparative,False,0.5,C,answered_grounded_correct,numeric,0,0.8781943321228027,qwen3.8-27b@q4_k_xl,False,False
chunk500_bm25,500,bm25,ref_comp_11,comparative,False,0.0,B,abstained,,0,,qwen3.8-27b@q4_k_xl,True,True
chunk500_bm25,500,bm25,ref_comp_12,comparative,False,0.0,B,abstained,,0,,qwen3.8-27b@q4_k_xl,True,True
chunk500_bm25,500,bm25,ref_fact_01,factual,True,0.0,B,abstained,,0,,qwen3.8-27b@q4_k_xl,True,True
chunk500_bm25,500,bm25,ref_fact_02,factual,False,0.0,B,answered_grounded_correct,numeric,0,,qwen3.8-27b@q4_k_xl,False,False
chunk500_bm25,500,bm25,ref_fact_03,factual,False,0.0,B,abstained,,0,,qwen3.8-27b@q4_k_xl,True,True
chunk500_bm25,500,bm25,ref_fact_04,factual,False,0.0,B,abstained,,0,,qwen3.8-27b@q4_k_xl,True,True
chunk500_bm25,500,bm25,ref_fact_05,factual,False,1.0,C,answered_grounded_correct,numeric,0,1.0000001192092896,qwen3.8-27b@q4_k_xl,False,False
chunk500_bm25,500,bm25,ref_fact_06,factual,False,0.0,B,abstained,,0,,qwen3.8-27b@q4_k_xl,True,True
chunk500_bm25,500,bm25,ref_fact_07,factual,False,1.0,C,answered_grounded_correct,numeric,0,0.9264767169952393,qwen3.8-27b@q4_k_xl,False,False
chunk500_bm25,500,bm25,ref_fact_08,factual,False,1.0,C,answered_grounded_correct,numeric,0,0.9802258014678955,qwen3.8-27b@q4_k_xl,False,False
chunk500_bm25,500,bm25,ref_fact_09,factual,False,0.0,B,abstained,,0,,qwen3.8-27b@q4_k_xl,True,True
chunk500_bm25,500,bm25,ref_fact_10,factual,False,0.0,B,abstained,,0,,qwen3.8-27b@q4_k_xl,True,True
chunk500_bm25,500,bm25,ref_fact_11,factual,False,0.0,B,abstained,,0,,qwen3.8-27b@q4_k_xl,True,True
chunk500_bm25,500,bm25,ref_fact_12,factual,True,0.0,B,abstained,,0,,qwen3.8-27b@q4_k_xl,True,True
chunk500_bm25,500,bm25,ref_fact_13,factual,False,0.0,B,abstained,,0,,qwen3.8-27b@q4_k_xl,True,True
chunk500_bm25,500,bm25,ref_fact_14,factual,False,0.0,B,abstained,,0,,qwen3.8-27b@q4_k_xl,True,True
chunk500_bm25,500,bm25,ref_them_01,thematic,False,0.0,B,answered_grounded_offtarget,numeric,0,,qwen3.8-27b@q4_k_xl,False,False
chunk500_bm25,500,bm25,ref_them_02,thematic,False,0.5,C,answered_grounded_offtarget,numeric,0,0.8303177952766418,qwen3.8-27b@q4_k_xl,False,False
chunk500_bm25,500,bm25,ref_them_03,thematic,True,0.0,B,answered_grounded_offtarget,numeric,0,,qwen3.8-27b@q4_k_xl,False,False
chunk500_bm25,500,bm25,ref_them_04,thematic,True,0.0,B,answered_grounded_offtarget,numeric,0,,qwen3.8-27b@q4_k_xl,False,False
chunk500_bm25,500,bm25,ref_them_05,thematic,False,0.0,B,abstained,,0,,qwen3.8-27b@q4_k_xl,True,True
chunk500_bm25,500,bm25,ref_them_06,thematic,False,0.0,B,answered_grounded_offtarget,numeric,0,,qwen3.8-27b@q4_k_xl,False,False
chunk500_bm25,500,bm25,ref_them_07,thematic,False,0.0,B,answered_grounded_offtarget,numeric,0,,qwen3.8-27b@q4_k_xl,False,False
chunk500_bm25,500,bm25,ref_them_08,thematic,False,0.0,B,answered_grounded_offtarget,numeric,0,,qwen3.8-27b@q4_k_xl,False,False
chunk500_bm25,500,bm25,ref_them_09,thematic,False,0.0,B,answered_grounded_offtarget,numeric,0,,qwen3.8-27b@q4_k_xl,False,False
chunk500_bm25,500,bm25,ref_them_10,thematic,False,0.0,B,answered_grounded_offtarget,numeric,0,,qwen3.8-27b@q4_k_xl,False,False
chunk500_bm25,500,bm25,ref_them_11,thematic,False,0.0,B,answered_grounded_correct,numeric,0,,qwen3.8-27b@q4_k_xl,False,False
chunk500_bm25,500,bm25,ref_them_12,thematic,False,0.0,B,abstained,,0,,qwen3.8-27b@q4_k_xl,True,True
chunk500_bm25,500,bm25,ref_them_13,thematic,False,0.0,B,abstained,,0,,qwen3.8-27b@q4_k_xl,True,True
chunk500_bm25,500,bm25,ref_them_14,thematic,False,0.0,B,answered_grounded_offtarget,numeric,0,,qwen3.8-27b@q4_k_xl,False,False
chunk500_bm25,500,bm25,ref_them_15,thematic,True,0.0,B,abstained,,0,,qwen3.8-27b@q4_k_xl,True,True
chunk500_bm25,500,bm25,ref_unans_01,unanswerable,False,,A,answered_ungrounded,numeric,1,,qwen3.8-27b@q4_k_xl,False,False
chunk500_bm25,500,bm25,ref_unans_02,unanswerable,False,,A,abstained,,0,,qwen3.8-27b@q4_k_xl,True,True
chunk500_bm25,500,bm25,ref_unans_03,unanswerable,False,,A,abstained,,0,,qwen3.8-27b@q4_k_xl,True,True
chunk500_bm25,500,bm25,ref_unans_05,unanswerable,False,,A,abstained,,0,,qwen3.8-27b@q4_k_xl,True,True
chunk500_bm25,500,bm25,ref_unans_06,unanswerable,False,,A,abstained,,0,,qwen3.8-27b@q4_k_xl,True,True
chunk500_bm25_enriched,500,bm25,ref_comp_01,comparative,True,0.5,C,abstained,,0,,qwen3.8-27b@q4_k_xl,True,True
chunk500_bm25_enriched,500,bm25,ref_comp_02,comparative,False,0.5,C,abstained,,0,,qwen3.8-27b@q4_k_xl,True,True
chunk500_bm25_enriched,500,bm25,ref_comp_03,comparative,False,0.0,B,abstained,,0,,qwen3.8-27b@q4_k_xl,True,True
chunk500_bm25_enriched,500,bm25,ref_comp_04,comparative,True,0.0,B,abstained,,0,,qwen3.8-27b@q4_k_xl,True,True
chunk500_bm25_enriched,500,bm25,ref_comp_06,comparative,False,0.5,C,answered_grounded_correct,numeric,0,0.8636343479156494,qwen3.8-27b@q4_k_xl,False,False
chunk500_bm25_enriched,500,bm25,ref_comp_07,comparative,False,0.0,B,abstained,,0,,qwen3.8-27b@q4_k_xl,True,True
chunk500_bm25_enriched,500,bm25,ref_comp_08,comparative,False,0.0,B,abstained,,0,,qwen3.8-27b@q4_k_xl,True,True
chunk500_bm25_enriched,500,bm25,ref_comp_09,comparative,False,0.0,B,abstained,,0,,qwen3.8-27b@q4_k_xl,True,True
chunk500_bm25_enriched,500,bm25,ref_comp_10,comparative,False,0.0,B,abstained,,0,,qwen3.8-27b@q4_k_xl,True,True
chunk500_bm25_enriched,500,bm25,ref_comp_11,comparative,False,0.0,B,abstained,,0,,qwen3.8-27b@q4_k_xl,True,True
chunk500_bm25_enriched,500,bm25,ref_comp_12,comparative,False,0.0,B,abstained,,0,,qwen3.8-27b@q4_k_xl,True,True
chunk500_bm25_enriched,500,bm25,ref_fact_01,factual,True,1.0,C,answered_grounded_correct,numeric,0,0.8571948409080505,qwen3.8-27b@q4_k_xl,False,False
chunk500_bm25_enriched,500,bm25,ref_fact_02,factual,False,1.0,C,answered_grounded_correct,numeric,0,0.9957712888717651,qwen3.8-27b@q4_k_xl,False,False
chunk500_bm25_enriched,500,bm25,ref_fact_03,factual,False,1.0,C,answered_grounded_correct,numeric,0,0.9870129823684692,qwen3.8-27b@q4_k_xl,False,False
chunk500_bm25_enriched,500,bm25,ref_fact_04,factual,False,0.0,B,abstained,,0,,qwen3.8-27b@q4_k_xl,True,True
chunk500_bm25_enriched,500,bm25,ref_fact_05,factual,False,1.0,C,answered_grounded_correct,numeric,0,1.0000001192092896,qwen3.8-27b@q4_k_xl,False,False
chunk500_bm25_enriched,500,bm25,ref_fact_06,factual,False,0.0,B,abstained,,0,,qwen3.8-27b@q4_k_xl,True,True
chunk500_bm25_enriched,500,bm25,ref_fact_07,factual,False,1.0,C,answered_grounded_correct,numeric,0,0.9264798164367676,qwen3.8-27b@q4_k_xl,False,False
chunk500_bm25_enriched,500,bm25,ref_fact_08,factual,False,0.0,B,abstained,,0,,qwen3.8-27b@q4_k_xl,True,True
chunk500_bm25_enriched,500,bm25,ref_fact_09,factual,False,0.0,B,abstained,,0,,qwen3.8-27b@q4_k_xl,True,True
chunk500_bm25_enriched,500,bm25,ref_fact_10,factual,False,0.0,B,abstained,,0,,qwen3.8-27b@q4_k_xl,True,True
chunk500_bm25_enriched,500,bm25,ref_fact_11,factual,False,0.0,B,abstained,,0,,qwen3.8-27b@q4_k_xl,True,True
chunk500_bm25_enriched,500,bm25,ref_fact_12,factual,True,0.0,B,abstained,,0,,qwen3.8-27b@q4_k_xl,True,True
chunk500_bm25_enriched,500,bm25,ref_fact_13,factual,False,1.0,C,answered_grounded_correct,numeric,0,0.8753469586372375,qwen3.8-27b@q4_k_xl,False,False
chunk500_bm25_enriched,500,bm25,ref_fact_14,factual,False,0.0,B,abstained,,0,,qwen3.8-27b@q4_k_xl,True,True
chunk500_bm25_enriched,500,bm25,ref_them_01,thematic,False,0.0,B,answered_grounded_offtarget,numeric,0,,qwen3.8-27b@q4_k_xl,False,False
chunk500_bm25_enriched,500,bm25,ref_them_02,thematic,False,0.5,C,answered_grounded_correct,numeric,0,0.8280966281890869,qwen3.8-27b@q4_k_xl,False,False
chunk500_bm25_enriched,500,bm25,ref_them_03,thematic,True,0.0,B,answered_grounded_offtarget,numeric,0,,qwen3.8-27b@q4_k_xl,False,False
chunk500_bm25_enriched,500,bm25,ref_them_04,thematic,True,0.0,B,answered_grounded_offtarget,numeric,0,,qwen3.8-27b@q4_k_xl,False,False
chunk500_bm25_enriched,500,bm25,ref_them_05,thematic,False,0.0,B,abstained,,0,,qwen3.8-27b@q4_k_xl,True,True
chunk500_bm25_enriched,500,bm25,ref_them_06,thematic,False,0.0,B,answered_grounded_offtarget,numeric,0,,qwen3.8-27b@q4_k_xl,False,False
chunk500_bm25_enriched,500,bm25,ref_them_07,thematic,False,0.0,B,answered_grounded_offtarget,numeric,0,,qwen3.8-27b@q4_k_xl,False,False
chunk500_bm25_enriched,500,bm25,ref_them_08,thematic,False,0.0,B,answered_grounded_offtarget,numeric,0,,qwen3.8-27b@q4_k_xl,False,False
chunk500_bm25_enriched,500,bm25,ref_them_09,thematic,False,0.0,B,answered_grounded_offtarget,numeric,0,,qwen3.8-27b@q4_k_xl,False,False
chunk500_bm25_enriched,500,bm25,ref_them_10,thematic,False,0.0,B,answered_grounded_offtarget,numeric,0,,qwen3.8-27b@q4_k_xl,False,False
chunk500_bm25_enriched,500,bm25,ref_them_11,thematic,False,0.0,B,answered_grounded_correct,numeric,0,,qwen3.8-27b@q4_k_xl,False,False
chunk500_bm25_enriched,500,bm25,ref_them_12,thematic,False,0.0,B,answered_grounded_offtarget,numeric,0,,qwen3.8-27b@q4_k_xl,False,False
chunk500_bm25_enriched,500,bm25,ref_them_13,thematic,False,0.0,B,abstained,,0,,qwen3.8-27b@q4_k_xl,True,True
chunk500_bm25_enriched,500,bm25,ref_them_14,thematic,False,0.0,B,abstained,,0,,qwen3.8-27b@q4_k_xl,True,True
chunk500_bm25_enriched,500,bm25,ref_them_15,thematic,True,0.0,B,answered_grounded_offtarget,numeric,0,,qwen3.8-27b@q4_k_xl,False,False
chunk500_bm25_enriched,500,bm25,ref_unans_01,unanswerable,False,,A,answered_ungrounded,numeric,2,,qwen3.8-27b@q4_k_xl,False,False
chunk500_bm25_enriched,500,bm25,ref_unans_02,unanswerable,False,,A,abstained,,0,,qwen3.8-27b@q4_k_xl,True,True
chunk500_bm25_enriched,500,bm25,ref_unans_03,unanswerable,False,,A,abstained,,0,,qwen3.8-27b@q4_k_xl,True,True
chunk500_bm25_enriched,500,bm25,ref_unans_05,unanswerable,False,,A,abstained,,0,,qwen3.8-27b@q4_k_xl,True,True
chunk500_bm25_enriched,500,bm25,ref_unans_06,unanswerable,False,,A,abstained,,0,,qwen3.8-27b@q4_k_xl,True,True
chunk500_dense,500,dense,ref_comp_01,comparative,True,0.0,B,abstained,,0,,qwen3.8-27b@q4_k_xl,True,True
chunk500_dense,500,dense,ref_comp_02,comparative,False,0.5,C,abstained,,0,,qwen3.8-27b@q4_k_xl,True,True
chunk500_dense,500,dense,ref_comp_03,comparative,False,0.0,B,abstained,,0,,qwen3.8-27b@q4_k_xl,True,True
chunk500_dense,500,dense,ref_comp_04,comparative,True,0.0,B,abstained,,0,,qwen3.8-27b@q4_k_xl,True,True
chunk500_dense,500,dense,ref_comp_06,comparative,False,0.5,C,abstained,,0,,qwen3.8-27b@q4_k_xl,True,True
chunk500_dense,500,dense,ref_comp_07,comparative,False,0.0,B,answered_grounded_correct,numeric,0,,qwen3.8-27b@q4_k_xl,False,False
chunk500_dense,500,dense,ref_comp_08,comparative,False,0.5,C,abstained,,0,,qwen3.8-27b@q4_k_xl,True,True
chunk500_dense,500,dense,ref_comp_09,comparative,False,0.0,B,abstained,,0,,qwen3.8-27b@q4_k_xl,True,True
chunk500_dense,500,dense,ref_comp_10,comparative,False,0.0,B,answered_grounded_correct,numeric,0,,qwen3.8-27b@q4_k_xl,False,False
chunk500_dense,500,dense,ref_comp_11,comparative,False,0.5,C,abstained,,0,,qwen3.8-27b@q4_k_xl,True,True
chunk500_dense,500,dense,ref_comp_12,comparative,False,0.0,B,abstained,,0,,qwen3.8-27b@q4_k_xl,True,True
chunk500_dense,500,dense,ref_fact_01,factual,True,0.0,B,abstained,,0,,qwen3.8-27b@q4_k_xl,True,True
chunk500_dense,500,dense,ref_fact_02,factual,False,0.0,B,answered_grounded_correct,numeric,0,,qwen3.8-27b@q4_k_xl,False,False
chunk500_dense,500,dense,ref_fact_03,factual,False,0.0,B,abstained,,0,,qwen3.8-27b@q4_k_xl,True,True
chunk500_dense,500,dense,ref_fact_04,factual,False,0.0,B,abstained,,0,,qwen3.8-27b@q4_k_xl,True,True
chunk500_dense,500,dense,ref_fact_05,factual,False,0.0,B,abstained,,0,,qwen3.8-27b@q4_k_xl,True,True
chunk500_dense,500,dense,ref_fact_06,factual,False,0.0,B,abstained,,0,,qwen3.8-27b@q4_k_xl,True,True
chunk500_dense,500,dense,ref_fact_07,factual,False,0.0,B,abstained,,0,,qwen3.8-27b@q4_k_xl,True,True
chunk500_dense,500,dense,ref_fact_08,factual,False,0.0,B,abstained,,0,,qwen3.8-27b@q4_k_xl,True,True
chunk500_dense,500,dense,ref_fact_09,factual,False,0.0,B,abstained,,0,,qwen3.8-27b@q4_k_xl,True,True
chunk500_dense,500,dense,ref_fact_10,factual,False,1.0,C,answered_grounded_correct,numeric,0,0.9713050127029419,qwen3.8-27b@q4_k_xl,False,False
chunk500_dense,500,dense,ref_fact_11,factual,False,0.0,B,abstained,,0,,qwen3.8-27b@q4_k_xl,True,True
chunk500_dense,500,dense,ref_fact_12,factual,True,0.0,B,abstained,,0,,qwen3.8-27b@q4_k_xl,True,True
chunk500_dense,500,dense,ref_fact_13,factual,False,0.0,B,abstained,,0,,qwen3.8-27b@q4_k_xl,True,True
chunk500_dense,500,dense,ref_fact_14,factual,False,0.0,B,abstained,,0,,qwen3.8-27b@q4_k_xl,True,True
chunk500_dense,500,dense,ref_them_01,thematic,False,0.0,B,answered_grounded_offtarget,numeric,0,,qwen3.8-27b@q4_k_xl,False,False
chunk500_dense,500,dense,ref_them_02,thematic,False,0.5,C,answered_grounded_correct,numeric,0,0.8446937203407288,qwen3.8-27b@q4_k_xl,False,False
chunk500_dense,500,dense,ref_them_03,thematic,True,0.0,B,answered_grounded_offtarget,numeric,0,,qwen3.8-27b@q4_k_xl,False,False
chunk500_dense,500,dense,ref_them_04,thematic,True,0.5,C,answered_grounded_correct,numeric,0,0.7182656526565552,qwen3.8-27b@q4_k_xl,False,False
chunk500_dense,500,dense,ref_them_05,thematic,False,0.0,B,abstained,,0,,qwen3.8-27b@q4_k_xl,True,True
chunk500_dense,500,dense,ref_them_06,thematic,False,0.0,B,answered_grounded_offtarget,numeric,0,,qwen3.8-27b@q4_k_xl,False,False
chunk500_dense,500,dense,ref_them_07,thematic,False,0.5,C,answered_grounded_correct,numeric,0,0.6841710805892944,qwen3.8-27b@q4_k_xl,False,False
chunk500_dense,500,dense,ref_them_08,thematic,False,0.0,B,answered_grounded_offtarget,numeric,0,,qwen3.8-27b@q4_k_xl,False,False
chunk500_dense,500,dense,ref_them_09,thematic,False,0.0,B,abstained,,0,,qwen3.8-27b@q4_k_xl,True,True
chunk500_dense,500,dense,ref_them_10,thematic,False,0.0,B,answered_grounded_offtarget,numeric,0,,qwen3.8-27b@q4_k_xl,False,False
chunk500_dense,500,dense,ref_them_11,thematic,False,0.0,B,answered_grounded_offtarget,numeric,0,,qwen3.8-27b@q4_k_xl,False,False
chunk500_dense,500,dense,ref_them_12,thematic,False,0.0,B,abstained,,0,,qwen3.8-27b@q4_k_xl,True,True
chunk500_dense,500,dense,ref_them_13,thematic,False,0.0,B,answered_grounded_offtarget,numeric,0,,qwen3.8-27b@q4_k_xl,False,False
chunk500_dense,500,dense,ref_them_14,thematic,False,0.0,B,answered_grounded_offtarget,numeric,0,,qwen3.8-27b@q4_k_xl,False,False
chunk500_dense,500,dense,ref_them_15,thematic,True,0.0,B,answered_grounded_offtarget,numeric,0,,qwen3.8-27b@q4_k_xl,False,False
chunk500_dense,500,dense,ref_unans_01,unanswerable,False,,A,abstained,,0,,qwen3.8-27b@q4_k_xl,True,True
chunk500_dense,500,dense,ref_unans_02,unanswerable,False,,A,abstained,,0,,qwen3.8-27b@q4_k_xl,True,True
chunk500_dense,500,dense,ref_unans_03,unanswerable,False,,A,abstained,,0,,qwen3.8-27b@q4_k_xl,True,True
chunk500_dense,500,dense,ref_unans_05,unanswerable,False,,A,abstained,,0,,qwen3.8-27b@q4_k_xl,True,True
chunk500_dense,500,dense,ref_unans_06,unanswerable,False,,A,abstained,,0,,qwen3.8-27b@q4_k_xl,True,True
chunk500_dense_enriched,500,dense,ref_comp_01,comparative,True,0.0,B,answered_grounded_offtarget,numeric,0,,qwen3.8-27b@q4_k_xl,False,False
chunk500_dense_enriched,500,dense,ref_comp_02,comparative,False,0.5,C,abstained,,0,,qwen3.8-27b@q4_k_xl,True,True
chunk500_dense_enriched,500,dense,ref_comp_03,comparative,False,0.0,B,abstained,,0,,qwen3.8-27b@q4_k_xl,True,True
chunk500_dense_enriched,500,dense,ref_comp_04,comparative,True,0.0,B,abstained,,0,,qwen3.8-27b@q4_k_xl,True,True
chunk500_dense_enriched,500,dense,ref_comp_06,comparative,False,0.5,C,answered_grounded_correct,numeric,0,0.9018105864524841,qwen3.8-27b@q4_k_xl,False,False
chunk500_dense_enriched,500,dense,ref_comp_07,comparative,False,0.0,B,answered_grounded_correct,numeric,0,,qwen3.8-27b@q4_k_xl,False,False
chunk500_dense_enriched,500,dense,ref_comp_08,comparative,False,0.5,C,abstained,,0,,qwen3.8-27b@q4_k_xl,True,True
chunk500_dense_enriched,500,dense,ref_comp_09,comparative,False,0.0,B,answered_grounded_correct,numeric,0,,qwen3.8-27b@q4_k_xl,False,False
chunk500_dense_enriched,500,dense,ref_comp_10,comparative,False,0.0,B,abstained,,0,,qwen3.8-27b@q4_k_xl,True,True
chunk500_dense_enriched,500,dense,ref_comp_11,comparative,False,1.0,C,answered_grounded_correct,numeric,0,0.8945139646530151,qwen3.8-27b@q4_k_xl,False,False
chunk500_dense_enriched,500,dense,ref_comp_12,comparative,False,0.5,C,abstained,,0,,qwen3.8-27b@q4_k_xl,True,True
chunk500_dense_enriched,500,dense,ref_fact_01,factual,True,1.0,C,answered_grounded_correct,numeric,0,0.8614157438278198,qwen3.8-27b@q4_k_xl,False,False
chunk500_dense_enriched,500,dense,ref_fact_02,factual,False,1.0,C,answered_grounded_correct,numeric,0,0.9957712888717651,qwen3.8-27b@q4_k_xl,False,False
chunk500_dense_enriched,500,dense,ref_fact_03,factual,False,1.0,C,answered_grounded_correct,numeric,0,0.9912142753601074,qwen3.8-27b@q4_k_xl,False,False
chunk500_dense_enriched,500,dense,ref_fact_04,factual,False,1.0,C,answered_grounded_correct,numeric,0,0.8822896480560303,qwen3.8-27b@q4_k_xl,False,False
chunk500_dense_enriched,500,dense,ref_fact_05,factual,False,0.0,B,answered_grounded_correct,numeric,0,,qwen3.8-27b@q4_k_xl,False,False
chunk500_dense_enriched,500,dense,ref_fact_06,factual,False,0.0,B,abstained,,0,,qwen3.8-27b@q4_k_xl,True,True
chunk500_dense_enriched,500,dense,ref_fact_07,factual,False,1.0,C,answered_grounded_correct,numeric,0,0.9264798164367676,qwen3.8-27b@q4_k_xl,False,False
chunk500_dense_enriched,500,dense,ref_fact_08,factual,False,0.0,B,abstained,,0,,qwen3.8-27b@q4_k_xl,True,True
chunk500_dense_enriched,500,dense,ref_fact_09,factual,False,1.0,C,answered_grounded_correct,numeric,0,0.9817377924919128,qwen3.8-27b@q4_k_xl,False,False
chunk500_dense_enriched,500,dense,ref_fact_10,factual,False,1.0,C,answered_grounded_correct,numeric,0,0.8096794486045837,qwen3.8-27b@q4_k_xl,False,False
chunk500_dense_enriched,500,dense,ref_fact_11,factual,False,1.0,C,answered_grounded_correct,numeric,0,0.9151809811592102,qwen3.8-27b@q4_k_xl,False,False
chunk500_dense_enriched,500,dense,ref_fact_12,factual,True,1.0,C,answered_grounded_correct,numeric,0,0.9789583086967468,qwen3.8-27b@q4_k_xl,False,False
chunk500_dense_enriched,500,dense,ref_fact_13,factual,False,1.0,C,answered_grounded_correct,numeric,0,0.8753469586372375,qwen3.8-27b@q4_k_xl,False,False
chunk500_dense_enriched,500,dense,ref_fact_14,factual,False,0.0,B,abstained,,0,,qwen3.8-27b@q4_k_xl,True,True
chunk500_dense_enriched,500,dense,ref_them_01,thematic,False,0.0,B,answered_grounded_offtarget,numeric,0,,qwen3.8-27b@q4_k_xl,False,False
chunk500_dense_enriched,500,dense,ref_them_02,thematic,False,0.5,C,answered_grounded_correct,numeric,0,0.8180685639381409,qwen3.8-27b@q4_k_xl,False,False
chunk500_dense_enriched,500,dense,ref_them_03,thematic,True,0.0,B,answered_grounded_offtarget,numeric,0,,qwen3.8-27b@q4_k_xl,False,False
chunk500_dense_enriched,500,dense,ref_them_04,thematic,True,0.5,C,answered_grounded_correct,numeric,0,0.7263837456703186,qwen3.8-27b@q4_k_xl,False,False
chunk500_dense_enriched,500,dense,ref_them_05,thematic,False,0.5,C,answered_grounded_correct,numeric,0,0.8503525257110596,qwen3.8-27b@q4_k_xl,False,False
chunk500_dense_enriched,500,dense,ref_them_06,thematic,False,0.0,B,answered_grounded_offtarget,numeric,0,,qwen3.8-27b@q4_k_xl,False,False
chunk500_dense_enriched,500,dense,ref_them_07,thematic,False,0.5,C,answered_grounded_correct,numeric,0,0.699600338935852,qwen3.8-27b@q4_k_xl,False,False
chunk500_dense_enriched,500,dense,ref_them_08,thematic,False,0.0,B,answered_grounded_offtarget,numeric,0,,qwen3.8-27b@q4_k_xl,False,False
chunk500_dense_enriched,500,dense,ref_them_09,thematic,False,0.0,B,answered_grounded_offtarget,numeric,0,,qwen3.8-27b@q4_k_xl,False,False
chunk500_dense_enriched,500,dense,ref_them_10,thematic,False,0.0,B,answered_grounded_offtarget,numeric,0,,qwen3.8-27b@q4_k_xl,False,False
chunk500_dense_enriched,500,dense,ref_them_11,thematic,False,0.0,B,answered_grounded_offtarget,numeric,0,,qwen3.8-27b@q4_k_xl,False,False
chunk500_dense_enriched,500,dense,ref_them_12,thematic,False,0.0,B,answered_ungrounded,numeric,1,,qwen3.8-27b@q4_k_xl,False,False
chunk500_dense_enriched,500,dense,ref_them_13,thematic,False,0.0,B,answered_grounded_offtarget,numeric,0,,qwen3.8-27b@q4_k_xl,False,False
chunk500_dense_enriched,500,dense,ref_them_14,thematic,False,0.0,B,answered_grounded_offtarget,numeric,0,,qwen3.8-27b@q4_k_xl,False,False
chunk500_dense_enriched,500,dense,ref_them_15,thematic,True,0.0,B,answered_ungrounded,numeric,1,,qwen3.8-27b@q4_k_xl,False,False
chunk500_dense_enriched,500,dense,ref_unans_01,unanswerable,False,,A,abstained,,0,,qwen3.8-27b@q4_k_xl,True,True
chunk500_dense_enriched,500,dense,ref_unans_02,unanswerable,False,,A,abstained,,0,,qwen3.8-27b@q4_k_xl,True,True
chunk500_dense_enriched,500,dense,ref_unans_03,unanswerable,False,,A,abstained,,0,,qwen3.8-27b@q4_k_xl,True,True
chunk500_dense_enriched,500,dense,ref_unans_05,unanswerable,False,,A,abstained,,0,,qwen3.8-27b@q4_k_xl,True,True
chunk500_dense_enriched,500,dense,ref_unans_06,unanswerable,False,,A,abstained,,0,,qwen3.8-27b@q4_k_xl,True,True
chunk500_hybrid,500,hybrid,ref_comp_01,comparative,True,0.0,B,abstained,,0,,qwen3.8-27b@q4_k_xl,True,True
chunk500_hybrid,500,hybrid,ref_comp_02,comparative,False,0.5,C,abstained,,0,,qwen3.8-27b@q4_k_xl,True,True
chunk500_hybrid,500,hybrid,ref_comp_03,comparative,False,0.0,B,abstained,,0,,qwen3.8-27b@q4_k_xl,True,True
chunk500_hybrid,500,hybrid,ref_comp_04,comparative,True,0.0,B,abstained,,0,,qwen3.8-27b@q4_k_xl,True,True
chunk500_hybrid,500,hybrid,ref_comp_06,comparative,False,0.5,C,answered_grounded_correct,numeric,0,0.8560937643051147,qwen3.8-27b@q4_k_xl,False,False
chunk500_hybrid,500,hybrid,ref_comp_07,comparative,False,0.0,B,abstained,,0,,qwen3.8-27b@q4_k_xl,True,True
chunk500_hybrid,500,hybrid,ref_comp_08,comparative,False,0.5,C,abstained,,0,,qwen3.8-27b@q4_k_xl,True,True
chunk500_hybrid,500,hybrid,ref_comp_09,comparative,False,0.0,B,abstained,,0,,qwen3.8-27b@q4_k_xl,True,True
chunk500_hybrid,500,hybrid,ref_comp_10,comparative,False,0.0,B,answered_grounded_offtarget,numeric,0,,qwen3.8-27b@q4_k_xl,False,False
chunk500_hybrid,500,hybrid,ref_comp_11,comparative,False,0.5,C,abstained,,0,,qwen3.8-27b@q4_k_xl,True,True
chunk500_hybrid,500,hybrid,ref_comp_12,comparative,False,0.0,B,abstained,,0,,qwen3.8-27b@q4_k_xl,True,True
chunk500_hybrid,500,hybrid,ref_fact_01,factual,True,1.0,C,answered_grounded_correct,numeric,0,0.9435728192329407,qwen3.8-27b@q4_k_xl,False,False
chunk500_hybrid,500,hybrid,ref_fact_02,factual,False,0.0,B,answered_grounded_correct,numeric,0,,qwen3.8-27b@q4_k_xl,False,False
chunk500_hybrid,500,hybrid,ref_fact_03,factual,False,0.0,B,abstained,,0,,qwen3.8-27b@q4_k_xl,True,True
chunk500_hybrid,500,hybrid,ref_fact_04,factual,False,0.0,B,abstained,,0,,qwen3.8-27b@q4_k_xl,True,True
chunk500_hybrid,500,hybrid,ref_fact_05,factual,False,0.0,B,abstained,,0,,qwen3.8-27b@q4_k_xl,True,True
chunk500_hybrid,500,hybrid,ref_fact_06,factual,False,0.0,B,abstained,,0,,qwen3.8-27b@q4_k_xl,True,True
chunk500_hybrid,500,hybrid,ref_fact_07,factual,False,1.0,C,answered_grounded_correct,numeric,0,0.9264798164367676,qwen3.8-27b@q4_k_xl,False,False
chunk500_hybrid,500,hybrid,ref_fact_08,factual,False,0.0,B,abstained,,0,,qwen3.8-27b@q4_k_xl,True,True
chunk500_hybrid,500,hybrid,ref_fact_09,factual,False,0.0,B,abstained,,0,,qwen3.8-27b@q4_k_xl,True,True
chunk500_hybrid,500,hybrid,ref_fact_10,factual,False,0.0,B,abstained,,0,,qwen3.8-27b@q4_k_xl,True,True
chunk500_hybrid,500,hybrid,ref_fact_11,factual,False,0.0,B,abstained,,0,,qwen3.8-27b@q4_k_xl,True,True
chunk500_hybrid,500,hybrid,ref_fact_12,factual,True,0.0,B,abstained,,0,,qwen3.8-27b@q4_k_xl,True,True
chunk500_hybrid,500,hybrid,ref_fact_13,factual,False,0.0,B,abstained,,0,,qwen3.8-27b@q4_k_xl,True,True
chunk500_hybrid,500,hybrid,ref_fact_14,factual,False,0.0,B,abstained,,0,,qwen3.8-27b@q4_k_xl,True,True
chunk500_hybrid,500,hybrid,ref_them_01,thematic,False,0.0,B,answered_grounded_offtarget,numeric,0,,qwen3.8-27b@q4_k_xl,False,False
chunk500_hybrid,500,hybrid,ref_them_02,thematic,False,0.5,C,answered_grounded_correct,numeric,0,0.8213786482810974,qwen3.8-27b@q4_k_xl,False,False
chunk500_hybrid,500,hybrid,ref_them_03,thematic,True,0.0,B,answered_grounded_offtarget,numeric,0,,qwen3.8-27b@q4_k_xl,False,False
chunk500_hybrid,500,hybrid,ref_them_04,thematic,True,0.5,C,answered_grounded_correct,numeric,0,0.7354834675788879,qwen3.8-27b@q4_k_xl,False,False
chunk500_hybrid,500,hybrid,ref_them_05,thematic,False,0.0,B,abstained,,0,,qwen3.8-27b@q4_k_xl,True,True
chunk500_hybrid,500,hybrid,ref_them_06,thematic,False,0.5,C,answered_grounded_correct,numeric,0,0.7148631811141968,qwen3.8-27b@q4_k_xl,False,False
chunk500_hybrid,500,hybrid,ref_them_07,thematic,False,0.0,B,abstained,,0,,qwen3.8-27b@q4_k_xl,False,True
chunk500_hybrid,500,hybrid,ref_them_08,thematic,False,0.0,B,answered_grounded_offtarget,numeric,0,,qwen3.8-27b@q4_k_xl,False,False
chunk500_hybrid,500,hybrid,ref_them_09,thematic,False,0.0,B,abstained,,0,,qwen3.8-27b@q4_k_xl,True,True
chunk500_hybrid,500,hybrid,ref_them_10,thematic,False,0.0,B,answered_grounded_offtarget,numeric,0,,qwen3.8-27b@q4_k_xl,False,False
chunk500_hybrid,500,hybrid,ref_them_11,thematic,False,0.0,B,answered_grounded_offtarget,numeric,0,,qwen3.8-27b@q4_k_xl,False,False
chunk500_hybrid,500,hybrid,ref_them_12,thematic,False,0.0,B,answered_grounded_offtarget,numeric,0,,qwen3.8-27b@q4_k_xl,False,False
chunk500_hybrid,500,hybrid,ref_them_13,thematic,False,0.0,B,answered_grounded_offtarget,numeric,0,,qwen3.8-27b@q4_k_xl,False,False
chunk500_hybrid,500,hybrid,ref_them_14,thematic,False,0.0,B,answered_grounded_offtarget,numeric,0,,qwen3.8-27b@q4_k_xl,False,False
chunk500_hybrid,500,hybrid,ref_them_15,thematic,True,0.0,B,answered_ungrounded,numeric,2,,qwen3.8-27b@q4_k_xl,False,False
chunk500_hybrid,500,hybrid,ref_unans_01,unanswerable,False,,A,abstained,,0,,qwen3.8-27b@q4_k_xl,True,True
chunk500_hybrid,500,hybrid,ref_unans_02,unanswerable,False,,A,abstained,,0,,qwen3.8-27b@q4_k_xl,True,True
chunk500_hybrid,500,hybrid,ref_unans_03,unanswerable,False,,A,abstained,,0,,qwen3.8-27b@q4_k_xl,True,True
chunk500_hybrid,500,hybrid,ref_unans_05,unanswerable,False,,A,abstained,,0,,qwen3.8-27b@q4_k_xl,True,True
chunk500_hybrid,500,hybrid,ref_unans_06,unanswerable,False,,A,abstained,,0,,qwen3.8-27b@q4_k_xl,True,True
chunk500_hybrid_enriched,500,hybrid,ref_comp_01,comparative,True,0.5,C,answered_grounded_offtarget,numeric,0,0.8389616012573242,qwen3.8-27b@q4_k_xl,False,False
chunk500_hybrid_enriched,500,hybrid,ref_comp_02,comparative,False,0.5,C,answered_ungrounded,numeric,2,0.7910350561141968,qwen3.8-27b@q4_k_xl,False,False
chunk500_hybrid_enriched,500,hybrid,ref_comp_03,comparative,False,0.0,B,abstained,,0,,qwen3.8-27b@q4_k_xl,True,True
chunk500_hybrid_enriched,500,hybrid,ref_comp_04,comparative,True,0.0,B,abstained,,0,,qwen3.8-27b@q4_k_xl,True,True
chunk500_hybrid_enriched,500,hybrid,ref_comp_06,comparative,False,0.5,C,answered_grounded_correct,numeric,0,0.9065631628036499,qwen3.8-27b@q4_k_xl,False,False
chunk500_hybrid_enriched,500,hybrid,ref_comp_07,comparative,False,0.0,B,abstained,,0,,qwen3.8-27b@q4_k_xl,True,True
chunk500_hybrid_enriched,500,hybrid,ref_comp_08,comparative,False,0.5,C,abstained,,0,,qwen3.8-27b@q4_k_xl,True,True
chunk500_hybrid_enriched,500,hybrid,ref_comp_09,comparative,False,0.5,C,abstained,,0,,qwen3.8-27b@q4_k_xl,True,True
chunk500_hybrid_enriched,500,hybrid,ref_comp_10,comparative,False,0.0,B,abstained,,0,,qwen3.8-27b@q4_k_xl,True,True
chunk500_hybrid_enriched,500,hybrid,ref_comp_11,comparative,False,0.0,B,abstained,,0,,qwen3.8-27b@q4_k_xl,True,True
chunk500_hybrid_enriched,500,hybrid,ref_comp_12,comparative,False,0.0,B,abstained,,0,,qwen3.8-27b@q4_k_xl,True,True
chunk500_hybrid_enriched,500,hybrid,ref_fact_01,factual,True,1.0,C,answered_grounded_correct,numeric,0,0.9577727317810059,qwen3.8-27b@q4_k_xl,False,False
chunk500_hybrid_enriched,500,hybrid,ref_fact_02,factual,False,1.0,C,answered_grounded_correct,numeric,0,0.9957712888717651,qwen3.8-27b@q4_k_xl,False,False
chunk500_hybrid_enriched,500,hybrid,ref_fact_03,factual,False,1.0,C,answered_grounded_correct,numeric,0,0.9870129823684692,qwen3.8-27b@q4_k_xl,False,False
chunk500_hybrid_enriched,500,hybrid,ref_fact_04,factual,False,1.0,C,answered_grounded_correct,numeric,0,0.8813419938087463,qwen3.8-27b@q4_k_xl,False,False
chunk500_hybrid_enriched,500,hybrid,ref_fact_05,factual,False,1.0,C,answered_grounded_correct,numeric,0,1.0000001192092896,qwen3.8-27b@q4_k_xl,False,False
chunk500_hybrid_enriched,500,hybrid,ref_fact_06,factual,False,0.0,B,abstained,,0,,qwen3.8-27b@q4_k_xl,True,True
chunk500_hybrid_enriched,500,hybrid,ref_fact_07,factual,False,1.0,C,answered_grounded_correct,numeric,0,0.9263001680374146,qwen3.8-27b@q4_k_xl,False,False
chunk500_hybrid_enriched,500,hybrid,ref_fact_08,factual,False,0.0,B,abstained,,0,,qwen3.8-27b@q4_k_xl,True,True
chunk500_hybrid_enriched,500,hybrid,ref_fact_09,factual,False,1.0,C,answered_grounded_correct,numeric,0,0.9766707420349121,qwen3.8-27b@q4_k_xl,False,False
chunk500_hybrid_enriched,500,hybrid,ref_fact_10,factual,False,1.0,C,answered_grounded_correct,numeric,0,0.8222826719284058,qwen3.8-27b@q4_k_xl,False,False
chunk500_hybrid_enriched,500,hybrid,ref_fact_11,factual,False,1.0,C,answered_grounded_correct,numeric,0,0.9151809811592102,qwen3.8-27b@q4_k_xl,False,False
chunk500_hybrid_enriched,500,hybrid,ref_fact_12,factual,True,0.0,B,abstained,,0,,qwen3.8-27b@q4_k_xl,True,True
chunk500_hybrid_enriched,500,hybrid,ref_fact_13,factual,False,1.0,C,answered_grounded_correct,numeric,0,0.8753469586372375,qwen3.8-27b@q4_k_xl,False,False
chunk500_hybrid_enriched,500,hybrid,ref_fact_14,factual,False,0.0,B,abstained,,0,,qwen3.8-27b@q4_k_xl,True,True
chunk500_hybrid_enriched,500,hybrid,ref_them_01,thematic,False,0.0,B,answered_grounded_offtarget,numeric,0,,qwen3.8-27b@q4_k_xl,False,False
chunk500_hybrid_enriched,500,hybrid,ref_them_02,thematic,False,0.5,C,answered_grounded_correct,numeric,0,0.8179409503936768,qwen3.8-27b@q4_k_xl,False,False
chunk500_hybrid_enriched,500,hybrid,ref_them_03,thematic,True,0.0,B,answered_grounded_offtarget,numeric,0,,qwen3.8-27b@q4_k_xl,False,False
chunk500_hybrid_enriched,500,hybrid,ref_them_04,thematic,True,0.5,C,answered_grounded_correct,numeric,0,0.7322969436645508,qwen3.8-27b@q4_k_xl,False,False
chunk500_hybrid_enriched,500,hybrid,ref_them_05,thematic,False,0.5,C,abstained,,0,,qwen3.8-27b@q4_k_xl,True,True
chunk500_hybrid_enriched,500,hybrid,ref_them_06,thematic,False,0.0,B,answered_grounded_offtarget,numeric,0,,qwen3.8-27b@q4_k_xl,False,False
chunk500_hybrid_enriched,500,hybrid,ref_them_07,thematic,False,0.5,C,answered_grounded_correct,numeric,0,0.7344485521316528,qwen3.8-27b@q4_k_xl,False,False
chunk500_hybrid_enriched,500,hybrid,ref_them_08,thematic,False,0.0,B,answered_grounded_offtarget,numeric,0,,qwen3.8-27b@q4_k_xl,False,False
chunk500_hybrid_enriched,500,hybrid,ref_them_09,thematic,False,0.0,B,answered_grounded_offtarget,numeric,0,,qwen3.8-27b@q4_k_xl,False,False
chunk500_hybrid_enriched,500,hybrid,ref_them_10,thematic,False,0.0,B,answered_grounded_offtarget,numeric,0,,qwen3.8-27b@q4_k_xl,False,False
chunk500_hybrid_enriched,500,hybrid,ref_them_11,thematic,False,0.0,B,answered_grounded_offtarget,numeric,0,,qwen3.8-27b@q4_k_xl,False,False
chunk500_hybrid_enriched,500,hybrid,ref_them_12,thematic,False,0.0,B,answered_grounded_offtarget,numeric,0,,qwen3.8-27b@q4_k_xl,False,False
chunk500_hybrid_enriched,500,hybrid,ref_them_13,thematic,False,0.0,B,abstained,,0,,qwen3.8-27b@q4_k_xl,True,True
chunk500_hybrid_enriched,500,hybrid,ref_them_14,thematic,False,0.0,B,answered_grounded_correct,numeric,0,,qwen3.8-27b@q4_k_xl,False,False
chunk500_hybrid_enriched,500,hybrid,ref_them_15,thematic,True,0.0,B,answered_grounded_offtarget,numeric,0,,qwen3.8-27b@q4_k_xl,False,False
chunk500_hybrid_enriched,500,hybrid,ref_unans_01,unanswerable,False,,A,abstained,,0,,qwen3.8-27b@q4_k_xl,True,True
chunk500_hybrid_enriched,500,hybrid,ref_unans_02,unanswerable,False,,A,abstained,,0,,qwen3.8-27b@q4_k_xl,True,True
chunk500_hybrid_enriched,500,hybrid,ref_unans_03,unanswerable,False,,A,abstained,,0,,qwen3.8-27b@q4_k_xl,True,True
chunk500_hybrid_enriched,500,hybrid,ref_unans_05,unanswerable,False,,A,abstained,,0,,qwen3.8-27b@q4_k_xl,True,True
chunk500_hybrid_enriched,500,hybrid,ref_unans_06,unanswerable,False,,A,abstained,,0,,qwen3.8-27b@q4_k_xl,True,True
