family,scope,metric,a,b,n,n_nonzero,size_only,p_raw,p_min_attainable,attainable_below_05
Family 1,pooled,anchor_coverage_at_5,chunk200_bm25_enriched,chunk200_bm25,40,7,False,0.03742805512406306,0.0151862,True
Family 1,pooled,anchor_coverage_at_5,chunk200_dense_enriched,chunk200_dense,40,18,False,0.00017779835198083384,0.000135865,True
Family 1,pooled,anchor_coverage_at_5,chunk200_hybrid_enriched,chunk200_hybrid,40,13,False,0.0023537196640683947,0.001129,True
Family 1,pooled,anchor_coverage_at_5,chunk500_bm25_enriched,chunk500_bm25,40,8,False,0.24821307898992362,0.00937477,True
Family 1,pooled,anchor_coverage_at_5,chunk500_dense_enriched,chunk500_dense,40,12,False,0.0012968957989590631,0.0012969,True
Family 1,pooled,anchor_coverage_at_5,chunk500_hybrid_enriched,chunk500_hybrid,40,14,False,0.0032408345715186767,0.00068171,True
Family 1,pooled,mean_reciprocal_rank_at_5,chunk200_bm25_enriched,chunk200_bm25,40,10,False,0.02446393248159611,0.00492031,True
Family 1,pooled,mean_reciprocal_rank_at_5,chunk200_dense_enriched,chunk200_dense,40,22,False,0.0004970840489182559,3.83916e-05,True
Family 1,pooled,mean_reciprocal_rank_at_5,chunk200_hybrid_enriched,chunk200_hybrid,40,20,False,0.0027305441112201526,8.39025e-05,True
Family 1,pooled,mean_reciprocal_rank_at_5,chunk500_bm25_enriched,chunk500_bm25,40,9,False,0.7196780071859922,0.00710955,True
Family 1,pooled,mean_reciprocal_rank_at_5,chunk500_dense_enriched,chunk500_dense,40,16,False,0.0013185326449949033,0.000383208,True
Family 1,pooled,mean_reciprocal_rank_at_5,chunk500_hybrid_enriched,chunk500_hybrid,40,16,False,0.00700666140298928,0.000421524,True
Family 1,factual,anchor_coverage_at_5,chunk200_bm25_enriched,chunk200_bm25,14,4,False,0.04550026389635839,0.0455003,True
Family 1,factual,anchor_coverage_at_5,chunk200_dense_enriched,chunk200_dense,14,9,False,0.0026997960632601866,0.0026998,True
Family 1,factual,anchor_coverage_at_5,chunk200_hybrid_enriched,chunk200_hybrid,14,7,False,0.0081509715935027,0.00815097,True
Family 1,factual,anchor_coverage_at_5,chunk500_bm25_enriched,chunk500_bm25,14,5,False,0.17971249487899976,0.0253473,True
Family 1,factual,anchor_coverage_at_5,chunk500_dense_enriched,chunk500_dense,14,9,False,0.0026997960632601866,0.0026998,True
Family 1,factual,anchor_coverage_at_5,chunk500_hybrid_enriched,chunk500_hybrid,14,8,False,0.0046777349810472576,0.00467773,True
Family 1,factual,mean_reciprocal_rank_at_5,chunk200_bm25_enriched,chunk200_bm25,14,5,False,0.039359508888249725,0.0393595,True
Family 1,factual,mean_reciprocal_rank_at_5,chunk200_dense_enriched,chunk200_dense,14,11,False,0.015841708713670334,0.00319152,True
Family 1,factual,mean_reciprocal_rank_at_5,chunk200_hybrid_enriched,chunk200_hybrid,14,10,False,0.010587137334056945,0.00411742,True
Family 1,factual,mean_reciprocal_rank_at_5,chunk500_bm25_enriched,chunk500_bm25,14,6,False,0.6662276454096188,0.0235441,True
Family 1,factual,mean_reciprocal_rank_at_5,chunk500_dense_enriched,chunk500_dense,14,10,False,0.003580327522366853,0.00358033,True
Family 1,factual,mean_reciprocal_rank_at_5,chunk500_hybrid_enriched,chunk500_hybrid,14,9,False,0.0070583320485281004,0.00705833,True
Family 1,thematic,anchor_coverage_at_5,chunk200_bm25_enriched,chunk200_bm25,15,1,False,0.31731050786291415,0.317311,False
Family 1,thematic,anchor_coverage_at_5,chunk200_dense_enriched,chunk200_dense,15,3,False,0.4142161782425252,0.10247,False
Family 1,thematic,anchor_coverage_at_5,chunk200_hybrid_enriched,chunk200_hybrid,15,3,False,0.4142161782425252,0.10247,False
Family 1,thematic,anchor_coverage_at_5,chunk500_bm25_enriched,chunk500_bm25,15,0,False,,,
Family 1,thematic,anchor_coverage_at_5,chunk500_dense_enriched,chunk500_dense,15,1,False,0.31731050786291415,0.317311,False
Family 1,thematic,anchor_coverage_at_5,chunk500_hybrid_enriched,chunk500_hybrid,15,3,False,0.5637028616507731,0.0832645,False
Family 1,thematic,mean_reciprocal_rank_at_5,chunk200_bm25_enriched,chunk200_bm25,15,2,False,0.17971249487899976,0.179712,False
Family 1,thematic,mean_reciprocal_rank_at_5,chunk200_dense_enriched,chunk200_dense,15,4,False,0.4652088184521418,0.0678892,False
Family 1,thematic,mean_reciprocal_rank_at_5,chunk200_hybrid_enriched,chunk200_hybrid,15,4,False,0.7150006546880893,0.0678892,False
Family 1,thematic,mean_reciprocal_rank_at_5,chunk500_bm25_enriched,chunk500_bm25,15,0,False,,,
Family 1,thematic,mean_reciprocal_rank_at_5,chunk500_dense_enriched,chunk500_dense,15,3,False,0.5929800980174267,0.108809,False
Family 1,thematic,mean_reciprocal_rank_at_5,chunk500_hybrid_enriched,chunk500_hybrid,15,4,False,1.0,0.0655997,False
Family 1,comparative,anchor_coverage_at_5,chunk200_bm25_enriched,chunk200_bm25,11,2,False,0.5,0.5,False
Family 1,comparative,anchor_coverage_at_5,chunk200_dense_enriched,chunk200_dense,11,6,False,0.03125,0.03125,True
Family 1,comparative,anchor_coverage_at_5,chunk200_hybrid_enriched,chunk200_hybrid,11,3,False,0.25,0.25,False
Family 1,comparative,anchor_coverage_at_5,chunk500_bm25_enriched,chunk500_bm25,11,3,False,1.0,0.25,False
Family 1,comparative,anchor_coverage_at_5,chunk500_dense_enriched,chunk500_dense,11,2,False,0.5,0.5,False
Family 1,comparative,anchor_coverage_at_5,chunk500_hybrid_enriched,chunk500_hybrid,11,3,False,1.0,0.25,False
Family 1,comparative,mean_reciprocal_rank_at_5,chunk200_bm25_enriched,chunk200_bm25,11,3,False,0.25,0.25,False
Family 1,comparative,mean_reciprocal_rank_at_5,chunk200_dense_enriched,chunk200_dense,11,7,False,0.015625,0.015625,True
Family 1,comparative,mean_reciprocal_rank_at_5,chunk200_hybrid_enriched,chunk200_hybrid,11,6,False,0.03125,0.03125,True
Family 1,comparative,mean_reciprocal_rank_at_5,chunk500_bm25_enriched,chunk500_bm25,11,3,False,0.5,0.25,False
Family 1,comparative,mean_reciprocal_rank_at_5,chunk500_dense_enriched,chunk500_dense,11,3,False,0.25,0.25,False
Family 1,comparative,mean_reciprocal_rank_at_5,chunk500_hybrid_enriched,chunk500_hybrid,11,3,False,0.5,0.25,False
Family 2,pooled,anchor_coverage_at_5,chunk200_bm25,chunk200_dense,40,6,False,0.338724147759658,0.0255968,True
Family 2,pooled,anchor_coverage_at_5,chunk200_bm25,chunk200_hybrid,40,4,False,0.25683925795785656,0.0587817,False
Family 2,pooled,anchor_coverage_at_5,chunk200_bm25,chunk500_bm25,40,7,True,0.8623197383894363,0.0151862,True
Family 2,pooled,anchor_coverage_at_5,chunk200_bm25,chunk500_dense,40,7,False,0.6646116295410063,0.0151862,True
Family 2,pooled,anchor_coverage_at_5,chunk200_bm25,chunk500_hybrid,40,6,False,0.9146213878996874,0.0243579,True
Family 2,pooled,anchor_coverage_at_5,chunk200_dense,chunk200_hybrid,40,6,False,0.043416880216799444,0.0255968,True
Family 2,pooled,anchor_coverage_at_5,chunk200_dense,chunk500_bm25,40,11,False,0.3642913030897019,0.00275508,True
Family 2,pooled,anchor_coverage_at_5,chunk200_dense,chunk500_dense,40,9,True,0.5055707258803321,0.00645895,True
Family 2,pooled,anchor_coverage_at_5,chunk200_dense,chunk500_hybrid,40,10,False,0.32326874915737525,0.00424559,True
Family 2,pooled,anchor_coverage_at_5,chunk200_hybrid,chunk500_bm25,40,11,False,0.6807533824170628,0.00255128,True
Family 2,pooled,anchor_coverage_at_5,chunk200_hybrid,chunk500_dense,40,9,False,0.3301911186033427,0.0061699,True
Family 2,pooled,anchor_coverage_at_5,chunk200_hybrid,chunk500_hybrid,40,6,True,0.5164122683960384,0.0231409,True
Family 2,pooled,anchor_coverage_at_5,chunk500_bm25,chunk500_dense,40,8,False,0.5657197991441898,0.00974781,True
Family 2,pooled,anchor_coverage_at_5,chunk500_bm25,chunk500_hybrid,40,7,False,0.9309012350403777,0.0151862,True
Family 2,pooled,anchor_coverage_at_5,chunk500_dense,chunk500_hybrid,40,5,False,0.580912420333197,0.0384339,True
Family 2,pooled,mean_reciprocal_rank_at_5,chunk200_bm25,chunk200_dense,40,9,False,0.2858975599599568,0.00763244,True
Family 2,pooled,mean_reciprocal_rank_at_5,chunk200_bm25,chunk200_hybrid,40,8,False,0.5260658393071347,0.0112097,True
Family 2,pooled,mean_reciprocal_rank_at_5,chunk200_bm25,chunk500_bm25,40,8,True,0.6236388261276493,0.011616,True
Family 2,pooled,mean_reciprocal_rank_at_5,chunk200_bm25,chunk500_dense,40,10,False,0.5067954114046354,0.00497673,True
Family 2,pooled,mean_reciprocal_rank_at_5,chunk200_bm25,chunk500_hybrid,40,10,False,0.18457255283988294,0.00500507,True
Family 2,pooled,mean_reciprocal_rank_at_5,chunk200_dense,chunk200_hybrid,40,9,False,0.014978337753425034,0.00757928,True
Family 2,pooled,mean_reciprocal_rank_at_5,chunk200_dense,chunk500_bm25,40,11,False,0.3493356515573367,0.00326803,True
Family 2,pooled,mean_reciprocal_rank_at_5,chunk200_dense,chunk500_dense,40,11,True,0.13009440924007054,0.00329894,True
Family 2,pooled,mean_reciprocal_rank_at_5,chunk200_dense,chunk500_hybrid,40,12,False,0.07618755288506611,0.00211471,True
Family 2,pooled,mean_reciprocal_rank_at_5,chunk200_hybrid,chunk500_bm25,40,14,False,0.974879380658153,0.000945135,True
Family 2,pooled,mean_reciprocal_rank_at_5,chunk200_hybrid,chunk500_dense,40,11,False,0.9644711462440767,0.00328346,True
Family 2,pooled,mean_reciprocal_rank_at_5,chunk200_hybrid,chunk500_hybrid,40,11,True,0.4224478419544786,0.00326803,True
Family 2,pooled,mean_reciprocal_rank_at_5,chunk500_bm25,chunk500_dense,40,11,False,0.7213146313624996,0.00325264,True
Family 2,pooled,mean_reciprocal_rank_at_5,chunk500_bm25,chunk500_hybrid,40,11,False,0.12952312738814045,0.00325264,True
Family 2,pooled,mean_reciprocal_rank_at_5,chunk500_dense,chunk500_hybrid,40,8,False,0.3615470714520429,0.0115138,True
Family 2,factual,anchor_coverage_at_5,chunk200_bm25,chunk200_dense,14,3,False,0.5637028616507731,0.0832645,False
Family 2,factual,anchor_coverage_at_5,chunk200_bm25,chunk200_hybrid,14,1,False,0.31731050786291415,0.317311,False
Family 2,factual,anchor_coverage_at_5,chunk200_bm25,chunk500_bm25,14,4,True,1.0,0.0455003,True
Family 2,factual,anchor_coverage_at_5,chunk200_bm25,chunk500_dense,14,4,False,0.31731050786291415,0.0455003,True
Family 2,factual,anchor_coverage_at_5,chunk200_bm25,chunk500_hybrid,14,3,False,0.5637028616507731,0.0832645,False
Family 2,factual,anchor_coverage_at_5,chunk200_dense,chunk200_hybrid,14,2,False,0.15729920705028502,0.157299,False
Family 2,factual,anchor_coverage_at_5,chunk200_dense,chunk500_bm25,14,5,False,0.6547208460185769,0.0253473,True
Family 2,factual,anchor_coverage_at_5,chunk200_dense,chunk500_dense,14,3,True,0.5637028616507731,0.0832645,False
Family 2,factual,anchor_coverage_at_5,chunk200_dense,chunk500_hybrid,14,4,False,1.0,0.0455003,True
Family 2,factual,anchor_coverage_at_5,chunk200_hybrid,chunk500_bm25,14,5,False,0.6547208460185769,0.0253473,True
Family 2,factual,anchor_coverage_at_5,chunk200_hybrid,chunk500_dense,14,5,False,0.17971249487899976,0.0253473,True
Family 2,factual,anchor_coverage_at_5,chunk200_hybrid,chunk500_hybrid,14,4,True,0.31731050786291415,0.0455003,True
Family 2,factual,anchor_coverage_at_5,chunk500_bm25,chunk500_dense,14,4,False,0.31731050786291415,0.0455003,True
Family 2,factual,anchor_coverage_at_5,chunk500_bm25,chunk500_hybrid,14,3,False,0.5637028616507731,0.0832645,False
Family 2,factual,anchor_coverage_at_5,chunk500_dense,chunk500_hybrid,14,3,False,0.5637028616507731,0.0832645,False
Family 2,factual,mean_reciprocal_rank_at_5,chunk200_bm25,chunk200_dense,14,4,False,0.5807121621890252,0.0655997,False
Family 2,factual,mean_reciprocal_rank_at_5,chunk200_bm25,chunk200_hybrid,14,3,False,0.5929800980174267,0.108809,False
Family 2,factual,mean_reciprocal_rank_at_5,chunk200_bm25,chunk500_bm25,14,4,True,0.8539232992870668,0.0655997,False
Family 2,factual,mean_reciprocal_rank_at_5,chunk200_bm25,chunk500_dense,14,4,False,0.3572725590318747,0.0655997,False
Family 2,factual,mean_reciprocal_rank_at_5,chunk200_bm25,chunk500_hybrid,14,4,False,0.8539232992870668,0.0655997,False
Family 2,factual,mean_reciprocal_rank_at_5,chunk200_dense,chunk200_hybrid,14,3,False,0.10247043485974937,0.10247,False
Family 2,factual,mean_reciprocal_rank_at_5,chunk200_dense,chunk500_bm25,14,5,False,0.6830913983096087,0.0412268,True
Family 2,factual,mean_reciprocal_rank_at_5,chunk200_dense,chunk500_dense,14,3,True,0.5929800980174267,0.108809,False
Family 2,factual,mean_reciprocal_rank_at_5,chunk200_dense,chunk500_hybrid,14,4,False,0.8539232992870668,0.0655997,False
Family 2,factual,mean_reciprocal_rank_at_5,chunk200_hybrid,chunk500_bm25,14,6,False,0.6732899796599957,0.0268567,True
Family 2,factual,mean_reciprocal_rank_at_5,chunk200_hybrid,chunk500_dense,14,5,False,0.22067136191984693,0.0412268,True
Family 2,factual,mean_reciprocal_rank_at_5,chunk200_hybrid,chunk500_hybrid,14,5,True,0.6802795473344503,0.0393595,True
Family 2,factual,mean_reciprocal_rank_at_5,chunk500_bm25,chunk500_dense,14,4,False,0.27332167829229814,0.0678892,False
Family 2,factual,mean_reciprocal_rank_at_5,chunk500_bm25,chunk500_hybrid,14,4,False,1.0,0.0655997,False
Family 2,factual,mean_reciprocal_rank_at_5,chunk500_dense,chunk500_hybrid,14,3,False,0.28504940740261275,0.108809,False
Family 2,thematic,anchor_coverage_at_5,chunk200_bm25,chunk200_dense,15,2,False,0.6547208460185769,0.179712,False
Family 2,thematic,anchor_coverage_at_5,chunk200_bm25,chunk200_hybrid,15,2,False,1.0,0.157299,False
Family 2,thematic,anchor_coverage_at_5,chunk200_bm25,chunk500_bm25,15,1,True,0.31731050786291415,0.317311,False
Family 2,thematic,anchor_coverage_at_5,chunk200_bm25,chunk500_dense,15,1,False,0.31731050786291415,0.317311,False
Family 2,thematic,anchor_coverage_at_5,chunk200_bm25,chunk500_hybrid,15,1,False,0.31731050786291415,0.317311,False
Family 2,thematic,anchor_coverage_at_5,chunk200_dense,chunk200_hybrid,15,2,False,0.6547208460185769,0.179712,False
Family 2,thematic,anchor_coverage_at_5,chunk200_dense,chunk500_bm25,15,3,False,0.7854947471183542,0.10247,False
Family 2,thematic,anchor_coverage_at_5,chunk200_dense,chunk500_dense,15,3,True,0.27630291733748347,0.10247,False
Family 2,thematic,anchor_coverage_at_5,chunk200_dense,chunk500_hybrid,15,3,False,0.27630291733748347,0.10247,False
Family 2,thematic,anchor_coverage_at_5,chunk200_hybrid,chunk500_bm25,15,3,False,0.5637028616507731,0.0832645,False
Family 2,thematic,anchor_coverage_at_5,chunk200_hybrid,chunk500_dense,15,3,False,0.5637028616507731,0.0832645,False
Family 2,thematic,anchor_coverage_at_5,chunk200_hybrid,chunk500_hybrid,15,1,True,0.31731050786291415,0.317311,False
Family 2,thematic,anchor_coverage_at_5,chunk500_bm25,chunk500_dense,15,2,False,0.15729920705028502,0.157299,False
Family 2,thematic,anchor_coverage_at_5,chunk500_bm25,chunk500_hybrid,15,2,False,0.15729920705028502,0.157299,False
Family 2,thematic,anchor_coverage_at_5,chunk500_dense,chunk500_hybrid,15,2,False,1.0,0.157299,False
Family 2,thematic,mean_reciprocal_rank_at_5,chunk200_bm25,chunk200_dense,15,3,False,1.0,0.108809,False
Family 2,thematic,mean_reciprocal_rank_at_5,chunk200_bm25,chunk200_hybrid,15,3,False,0.4142161782425252,0.10247,False
Family 2,thematic,mean_reciprocal_rank_at_5,chunk200_bm25,chunk500_bm25,15,1,True,0.31731050786291415,0.317311,False
Family 2,thematic,mean_reciprocal_rank_at_5,chunk200_bm25,chunk500_dense,15,2,False,0.17971249487899976,0.179712,False
Family 2,thematic,mean_reciprocal_rank_at_5,chunk200_bm25,chunk500_hybrid,15,3,False,0.10880943004054568,0.108809,False
Family 2,thematic,mean_reciprocal_rank_at_5,chunk200_dense,chunk200_hybrid,15,3,False,0.28504940740261275,0.108809,False
Family 2,thematic,mean_reciprocal_rank_at_5,chunk200_dense,chunk500_bm25,15,3,False,0.5929800980174267,0.108809,False
Family 2,thematic,mean_reciprocal_rank_at_5,chunk200_dense,chunk500_dense,15,4,True,0.14412703481601533,0.0678892,False
Family 2,thematic,mean_reciprocal_rank_at_5,chunk200_dense,chunk500_hybrid,15,4,False,0.14077277337135014,0.0655997,False
Family 2,thematic,mean_reciprocal_rank_at_5,chunk200_hybrid,chunk500_bm25,15,3,False,0.4142161782425252,0.10247,False
Family 2,thematic,mean_reciprocal_rank_at_5,chunk200_hybrid,chunk500_dense,15,3,False,0.4142161782425252,0.10247,False
Family 2,thematic,mean_reciprocal_rank_at_5,chunk200_hybrid,chunk500_hybrid,15,2,True,0.17971249487899976,0.179712,False
Family 2,thematic,mean_reciprocal_rank_at_5,chunk500_bm25,chunk500_dense,15,2,False,0.15729920705028502,0.157299,False
Family 2,thematic,mean_reciprocal_rank_at_5,chunk500_bm25,chunk500_hybrid,15,3,False,0.10880943004054568,0.108809,False
Family 2,thematic,mean_reciprocal_rank_at_5,chunk500_dense,chunk500_hybrid,15,3,False,1.0,0.108809,False
Family 2,comparative,anchor_coverage_at_5,chunk200_bm25,chunk200_dense,11,1,False,1.0,1,False
Family 2,comparative,anchor_coverage_at_5,chunk200_bm25,chunk200_hybrid,11,1,False,1.0,1,False
Family 2,comparative,anchor_coverage_at_5,chunk200_bm25,chunk500_bm25,11,2,True,0.5,0.5,False
Family 2,comparative,anchor_coverage_at_5,chunk200_bm25,chunk500_dense,11,2,False,0.5,0.5,False
Family 2,comparative,anchor_coverage_at_5,chunk200_bm25,chunk500_hybrid,11,2,False,0.5,0.5,False
Family 2,comparative,anchor_coverage_at_5,chunk200_dense,chunk200_hybrid,11,2,False,0.5,0.5,False
Family 2,comparative,anchor_coverage_at_5,chunk200_dense,chunk500_bm25,11,3,False,0.25,0.25,False
Family 2,comparative,anchor_coverage_at_5,chunk200_dense,chunk500_dense,11,3,True,0.25,0.25,False
Family 2,comparative,anchor_coverage_at_5,chunk200_dense,chunk500_hybrid,11,3,False,0.25,0.25,False
Family 2,comparative,anchor_coverage_at_5,chunk200_hybrid,chunk500_bm25,11,3,False,1.0,0.25,False
Family 2,comparative,anchor_coverage_at_5,chunk200_hybrid,chunk500_dense,11,1,False,1.0,1,False
Family 2,comparative,anchor_coverage_at_5,chunk200_hybrid,chunk500_hybrid,11,1,True,1.0,1,False
Family 2,comparative,anchor_coverage_at_5,chunk500_bm25,chunk500_dense,11,2,False,1.0,0.5,False
Family 2,comparative,anchor_coverage_at_5,chunk500_bm25,chunk500_hybrid,11,2,False,1.0,0.5,False
Family 2,comparative,anchor_coverage_at_5,chunk500_dense,chunk500_hybrid,11,0,False,,,
Family 2,comparative,mean_reciprocal_rank_at_5,chunk200_bm25,chunk200_dense,11,2,False,0.5,0.5,False
Family 2,comparative,mean_reciprocal_rank_at_5,chunk200_bm25,chunk200_hybrid,11,2,False,1.0,0.5,False
Family 2,comparative,mean_reciprocal_rank_at_5,chunk200_bm25,chunk500_bm25,11,3,True,0.5,0.25,False
Family 2,comparative,mean_reciprocal_rank_at_5,chunk200_bm25,chunk500_dense,11,4,False,0.5,0.125,False
Family 2,comparative,mean_reciprocal_rank_at_5,chunk200_bm25,chunk500_hybrid,11,3,False,0.25,0.25,False
Family 2,comparative,mean_reciprocal_rank_at_5,chunk200_dense,chunk200_hybrid,11,3,False,0.25,0.25,False
Family 2,comparative,mean_reciprocal_rank_at_5,chunk200_dense,chunk500_bm25,11,3,False,0.25,0.25,False
Family 2,comparative,mean_reciprocal_rank_at_5,chunk200_dense,chunk500_dense,11,4,True,0.125,0.125,False
Family 2,comparative,mean_reciprocal_rank_at_5,chunk200_dense,chunk500_hybrid,11,4,False,0.125,0.125,False
Family 2,comparative,mean_reciprocal_rank_at_5,chunk200_hybrid,chunk500_bm25,11,5,False,0.375,0.0625,False
Family 2,comparative,mean_reciprocal_rank_at_5,chunk200_hybrid,chunk500_dense,11,3,False,0.25,0.25,False
Family 2,comparative,mean_reciprocal_rank_at_5,chunk200_hybrid,chunk500_hybrid,11,4,True,0.25,0.125,False
Family 2,comparative,mean_reciprocal_rank_at_5,chunk500_bm25,chunk500_dense,11,5,False,0.6875,0.0625,False
Family 2,comparative,mean_reciprocal_rank_at_5,chunk500_bm25,chunk500_hybrid,11,4,False,0.375,0.125,False
Family 2,comparative,mean_reciprocal_rank_at_5,chunk500_dense,chunk500_hybrid,11,2,False,1.0,0.5,False
Family 3,pooled,anchor_coverage_at_5,chunk200_bm25_enriched,chunk200_dense_enriched,40,14,False,0.020756931750639907,0.000745659,True
Family 3,pooled,anchor_coverage_at_5,chunk200_bm25_enriched,chunk200_hybrid_enriched,40,10,False,0.036414984519271706,0.00401651,True
Family 3,pooled,anchor_coverage_at_5,chunk200_bm25_enriched,chunk500_bm25_enriched,40,8,True,0.5637028616507731,0.00937477,True
Family 3,pooled,anchor_coverage_at_5,chunk200_bm25_enriched,chunk500_dense_enriched,40,12,False,0.08955507441364255,0.00161622,True
Family 3,pooled,anchor_coverage_at_5,chunk200_bm25_enriched,chunk500_hybrid_enriched,40,11,False,0.060886840039593826,0.00255128,True
Family 3,pooled,anchor_coverage_at_5,chunk200_dense_enriched,chunk200_hybrid_enriched,40,7,False,0.4697988825336007,0.011412,True
Family 3,pooled,anchor_coverage_at_5,chunk200_dense_enriched,chunk500_bm25_enriched,40,13,False,0.0034052358212947604,0.00115405,True
Family 3,pooled,anchor_coverage_at_5,chunk200_dense_enriched,chunk500_dense_enriched,40,6,True,0.45035134358487394,0.0235441,True
Family 3,pooled,anchor_coverage_at_5,chunk200_dense_enriched,chunk500_hybrid_enriched,40,8,False,0.3883232289789247,0.00965387,True
Family 3,pooled,anchor_coverage_at_5,chunk200_hybrid_enriched,chunk500_bm25_enriched,40,12,False,0.0044314325694077925,0.00177046,True
Family 3,pooled,anchor_coverage_at_5,chunk200_hybrid_enriched,chunk500_dense_enriched,40,8,False,0.5580088344574561,0.00838632,True
Family 3,pooled,anchor_coverage_at_5,chunk200_hybrid_enriched,chunk500_hybrid_enriched,40,9,True,0.41741292343058733,0.00500017,True
Family 3,pooled,anchor_coverage_at_5,chunk500_bm25_enriched,chunk500_dense_enriched,40,13,False,0.021381691163120643,0.00106795,True
Family 3,pooled,anchor_coverage_at_5,chunk500_bm25_enriched,chunk500_hybrid_enriched,40,9,False,0.00616989932054416,0.0061699,True
Family 3,pooled,anchor_coverage_at_5,chunk500_dense_enriched,chunk500_hybrid_enriched,40,6,False,0.7477301646241347,0.0243579,True
Family 3,pooled,mean_reciprocal_rank_at_5,chunk200_bm25_enriched,chunk200_dense_enriched,40,22,False,0.11839559287338726,3.86647e-05,True
Family 3,pooled,mean_reciprocal_rank_at_5,chunk200_bm25_enriched,chunk200_hybrid_enriched,40,16,False,0.0065248215971748565,0.000426259,True
Family 3,pooled,mean_reciprocal_rank_at_5,chunk200_bm25_enriched,chunk500_bm25_enriched,40,13,True,0.24828546343650038,0.00145412,True
Family 3,pooled,mean_reciprocal_rank_at_5,chunk200_bm25_enriched,chunk500_dense_enriched,40,17,False,0.026917072925542494,0.000272343,True
Family 3,pooled,mean_reciprocal_rank_at_5,chunk200_bm25_enriched,chunk500_hybrid_enriched,40,18,False,0.05757133578815882,0.000189653,True
Family 3,pooled,mean_reciprocal_rank_at_5,chunk200_dense_enriched,chunk200_hybrid_enriched,40,18,False,0.35996803730808224,0.000193702,True
Family 3,pooled,mean_reciprocal_rank_at_5,chunk200_dense_enriched,chunk500_bm25_enriched,40,20,False,0.006681913953202974,8.56014e-05,True
Family 3,pooled,mean_reciprocal_rank_at_5,chunk200_dense_enriched,chunk500_dense_enriched,40,18,True,0.2664285829701688,0.000194383,True
Family 3,pooled,mean_reciprocal_rank_at_5,chunk200_dense_enriched,chunk500_hybrid_enriched,40,22,False,0.7698014836092583,3.90311e-05,True
Family 3,pooled,mean_reciprocal_rank_at_5,chunk200_hybrid_enriched,chunk500_bm25_enriched,40,19,False,0.0004221527287144085,0.000129164,True
Family 3,pooled,mean_reciprocal_rank_at_5,chunk200_hybrid_enriched,chunk500_dense_enriched,40,12,False,0.9686278814116681,0.00215726,True
Family 3,pooled,mean_reciprocal_rank_at_5,chunk200_hybrid_enriched,chunk500_hybrid_enriched,40,18,True,0.6625959372280352,0.000190996,True
Family 3,pooled,mean_reciprocal_rank_at_5,chunk500_bm25_enriched,chunk500_dense_enriched,40,20,False,0.0024239535462439216,8.45063e-05,True
Family 3,pooled,mean_reciprocal_rank_at_5,chunk500_bm25_enriched,chunk500_hybrid_enriched,40,17,False,0.00028734688212536007,0.000287347,True
Family 3,pooled,mean_reciprocal_rank_at_5,chunk500_dense_enriched,chunk500_hybrid_enriched,40,14,False,0.5718922635979182,0.000975879,True
Family 3,factual,anchor_coverage_at_5,chunk200_bm25_enriched,chunk200_dense_enriched,14,6,False,0.10247043485974941,0.0143059,True
Family 3,factual,anchor_coverage_at_5,chunk200_bm25_enriched,chunk200_hybrid_enriched,14,6,False,0.10247043485974941,0.0143059,True
Family 3,factual,anchor_coverage_at_5,chunk200_bm25_enriched,chunk500_bm25_enriched,14,5,True,0.6547208460185769,0.0253473,True
Family 3,factual,anchor_coverage_at_5,chunk200_bm25_enriched,chunk500_dense_enriched,14,7,False,0.25683925795785656,0.00815097,True
Family 3,factual,anchor_coverage_at_5,chunk200_bm25_enriched,chunk500_hybrid_enriched,14,5,False,0.17971249487899976,0.0253473,True
Family 3,factual,anchor_coverage_at_5,chunk200_dense_enriched,chunk200_hybrid_enriched,14,0,False,,,
Family 3,factual,anchor_coverage_at_5,chunk200_dense_enriched,chunk500_bm25_enriched,14,5,False,0.025347318677468252,0.0253473,True
Family 3,factual,anchor_coverage_at_5,chunk200_dense_enriched,chunk500_dense_enriched,14,1,True,0.31731050786291415,0.317311,False
Family 3,factual,anchor_coverage_at_5,chunk200_dense_enriched,chunk500_hybrid_enriched,14,1,False,0.31731050786291415,0.317311,False
Family 3,factual,anchor_coverage_at_5,chunk200_hybrid_enriched,chunk500_bm25_enriched,14,5,False,0.025347318677468252,0.0253473,True
Family 3,factual,anchor_coverage_at_5,chunk200_hybrid_enriched,chunk500_dense_enriched,14,1,False,0.31731050786291415,0.317311,False
Family 3,factual,anchor_coverage_at_5,chunk200_hybrid_enriched,chunk500_hybrid_enriched,14,1,True,0.31731050786291415,0.317311,False
Family 3,factual,anchor_coverage_at_5,chunk500_bm25_enriched,chunk500_dense_enriched,14,6,False,0.10247043485974941,0.0143059,True
Family 3,factual,anchor_coverage_at_5,chunk500_bm25_enriched,chunk500_hybrid_enriched,14,4,False,0.04550026389635839,0.0455003,True
Family 3,factual,anchor_coverage_at_5,chunk500_dense_enriched,chunk500_hybrid_enriched,14,2,False,1.0,0.157299,False
Family 3,factual,mean_reciprocal_rank_at_5,chunk200_bm25_enriched,chunk200_dense_enriched,14,11,False,0.34837650549797505,0.00320674,True
Family 3,factual,mean_reciprocal_rank_at_5,chunk200_bm25_enriched,chunk200_hybrid_enriched,14,9,False,0.07274204006810549,0.00710955,True
Family 3,factual,mean_reciprocal_rank_at_5,chunk200_bm25_enriched,chunk500_bm25_enriched,14,8,True,0.18181616460470695,0.011412,True
Family 3,factual,mean_reciprocal_rank_at_5,chunk200_bm25_enriched,chunk500_dense_enriched,14,10,False,0.19219903638649327,0.00411742,True
Family 3,factual,mean_reciprocal_rank_at_5,chunk200_bm25_enriched,chunk500_hybrid_enriched,14,10,False,0.2603272787106181,0.00489224,True
Family 3,factual,mean_reciprocal_rank_at_5,chunk200_dense_enriched,chunk200_hybrid_enriched,14,7,False,0.08808151166219029,0.0169473,True
Family 3,factual,mean_reciprocal_rank_at_5,chunk200_dense_enriched,chunk500_bm25_enriched,14,10,False,0.027904030795170242,0.00492031,True
Family 3,factual,mean_reciprocal_rank_at_5,chunk200_dense_enriched,chunk500_dense_enriched,14,7,True,0.12750833049058283,0.0177559,True
Family 3,factual,mean_reciprocal_rank_at_5,chunk200_dense_enriched,chunk500_hybrid_enriched,14,10,False,0.8779299426114896,0.00486426,True
Family 3,factual,mean_reciprocal_rank_at_5,chunk200_hybrid_enriched,chunk500_bm25_enriched,14,10,False,0.004753229214898705,0.00475323,True
Family 3,factual,mean_reciprocal_rank_at_5,chunk200_hybrid_enriched,chunk500_dense_enriched,14,4,False,0.5807121621890252,0.0655997,False
Family 3,factual,mean_reciprocal_rank_at_5,chunk200_hybrid_enriched,chunk500_hybrid_enriched,14,7,True,0.23420128325876344,0.0173497,True
Family 3,factual,mean_reciprocal_rank_at_5,chunk500_bm25_enriched,chunk500_dense_enriched,14,11,False,0.030295168108521862,0.00289627,True
Family 3,factual,mean_reciprocal_rank_at_5,chunk500_bm25_enriched,chunk500_hybrid_enriched,14,9,False,0.007420961287866498,0.00742096,True
Family 3,factual,mean_reciprocal_rank_at_5,chunk500_dense_enriched,chunk500_hybrid_enriched,14,7,False,0.5526912087941886,0.0175523,True
Family 3,thematic,anchor_coverage_at_5,chunk200_bm25_enriched,chunk200_dense_enriched,15,4,False,0.4496917979688909,0.0587817,False
Family 3,thematic,anchor_coverage_at_5,chunk200_bm25_enriched,chunk200_hybrid_enriched,15,2,False,0.17971249487899976,0.179712,False
Family 3,thematic,anchor_coverage_at_5,chunk200_bm25_enriched,chunk500_bm25_enriched,15,0,True,,,
Family 3,thematic,anchor_coverage_at_5,chunk200_bm25_enriched,chunk500_dense_enriched,15,3,False,0.0832645166635504,0.0832645,False
Family 3,thematic,anchor_coverage_at_5,chunk200_bm25_enriched,chunk500_hybrid_enriched,15,3,False,0.0832645166635504,0.0832645,False
Family 3,thematic,anchor_coverage_at_5,chunk200_dense_enriched,chunk200_hybrid_enriched,15,3,False,0.7854947471183542,0.10247,False
Family 3,thematic,anchor_coverage_at_5,chunk200_dense_enriched,chunk500_bm25_enriched,15,4,False,0.4496917979688909,0.0587817,False
Family 3,thematic,anchor_coverage_at_5,chunk200_dense_enriched,chunk500_dense_enriched,15,3,True,0.27630291733748347,0.10247,False
Family 3,thematic,anchor_coverage_at_5,chunk200_dense_enriched,chunk500_hybrid_enriched,15,3,False,0.27630291733748347,0.10247,False
Family 3,thematic,anchor_coverage_at_5,chunk200_hybrid_enriched,chunk500_bm25_enriched,15,2,False,0.17971249487899976,0.179712,False
Family 3,thematic,anchor_coverage_at_5,chunk200_hybrid_enriched,chunk500_dense_enriched,15,3,False,1.0,0.10247,False
Family 3,thematic,anchor_coverage_at_5,chunk200_hybrid_enriched,chunk500_hybrid_enriched,15,3,True,1.0,0.10247,False
Family 3,thematic,anchor_coverage_at_5,chunk500_bm25_enriched,chunk500_dense_enriched,15,3,False,0.0832645166635504,0.0832645,False
Family 3,thematic,anchor_coverage_at_5,chunk500_bm25_enriched,chunk500_hybrid_enriched,15,3,False,0.0832645166635504,0.0832645,False
Family 3,thematic,anchor_coverage_at_5,chunk500_dense_enriched,chunk500_hybrid_enriched,15,0,False,,,
Family 3,thematic,mean_reciprocal_rank_at_5,chunk200_bm25_enriched,chunk200_dense_enriched,15,4,False,0.14077277337135014,0.0655997,False
Family 3,thematic,mean_reciprocal_rank_at_5,chunk200_bm25_enriched,chunk200_hybrid_enriched,15,3,False,0.28504940740261275,0.108809,False
Family 3,thematic,mean_reciprocal_rank_at_5,chunk200_bm25_enriched,chunk500_bm25_enriched,15,1,True,0.31731050786291415,0.317311,False
Family 3,thematic,mean_reciprocal_rank_at_5,chunk200_bm25_enriched,chunk500_dense_enriched,15,4,False,0.14412703481601533,0.0678892,False
Family 3,thematic,mean_reciprocal_rank_at_5,chunk200_bm25_enriched,chunk500_hybrid_enriched,15,4,False,0.0633177868300456,0.0633178,False
Family 3,thematic,mean_reciprocal_rank_at_5,chunk200_dense_enriched,chunk200_hybrid_enriched,15,4,False,0.7150006546880893,0.0678892,False
Family 3,thematic,mean_reciprocal_rank_at_5,chunk200_dense_enriched,chunk500_bm25_enriched,15,4,False,0.25683925795785656,0.0587817,False
Family 3,thematic,mean_reciprocal_rank_at_5,chunk200_dense_enriched,chunk500_dense_enriched,15,4,True,0.7127018566581784,0.0655997,False
Family 3,thematic,mean_reciprocal_rank_at_5,chunk200_dense_enriched,chunk500_hybrid_enriched,15,4,False,0.27332167829229814,0.0678892,False
Family 3,thematic,mean_reciprocal_rank_at_5,chunk200_hybrid_enriched,chunk500_bm25_enriched,15,3,False,0.28504940740261275,0.108809,False
Family 3,thematic,mean_reciprocal_rank_at_5,chunk200_hybrid_enriched,chunk500_dense_enriched,15,3,False,0.5929800980174267,0.108809,False
Family 3,thematic,mean_reciprocal_rank_at_5,chunk200_hybrid_enriched,chunk500_hybrid_enriched,15,5,True,0.22491588401596185,0.0431144,True
Family 3,thematic,mean_reciprocal_rank_at_5,chunk500_bm25_enriched,chunk500_dense_enriched,15,4,False,0.14412703481601533,0.0678892,False
Family 3,thematic,mean_reciprocal_rank_at_5,chunk500_bm25_enriched,chunk500_hybrid_enriched,15,4,False,0.06559969214707187,0.0655997,False
Family 3,thematic,mean_reciprocal_rank_at_5,chunk500_dense_enriched,chunk500_hybrid_enriched,15,3,False,0.10880943004054568,0.108809,False
Family 3,comparative,anchor_coverage_at_5,chunk200_bm25_enriched,chunk200_dense_enriched,11,4,False,0.125,0.125,False
Family 3,comparative,anchor_coverage_at_5,chunk200_bm25_enriched,chunk200_hybrid_enriched,11,2,False,0.5,0.5,False
Family 3,comparative,anchor_coverage_at_5,chunk200_bm25_enriched,chunk500_bm25_enriched,11,3,True,1.0,0.25,False
Family 3,comparative,anchor_coverage_at_5,chunk200_bm25_enriched,chunk500_dense_enriched,11,2,False,0.5,0.5,False
Family 3,comparative,anchor_coverage_at_5,chunk200_bm25_enriched,chunk500_hybrid_enriched,11,3,False,1.0,0.25,False
Family 3,comparative,anchor_coverage_at_5,chunk200_dense_enriched,chunk200_hybrid_enriched,11,4,False,0.625,0.125,False
Family 3,comparative,anchor_coverage_at_5,chunk200_dense_enriched,chunk500_bm25_enriched,11,4,False,0.125,0.125,False
Family 3,comparative,anchor_coverage_at_5,chunk200_dense_enriched,chunk500_dense_enriched,11,2,True,0.5,0.5,False
Family 3,comparative,anchor_coverage_at_5,chunk200_dense_enriched,chunk500_hybrid_enriched,11,4,False,0.5,0.125,False
Family 3,comparative,anchor_coverage_at_5,chunk200_hybrid_enriched,chunk500_bm25_enriched,11,5,False,0.375,0.0625,False
Family 3,comparative,anchor_coverage_at_5,chunk200_hybrid_enriched,chunk500_dense_enriched,11,4,False,1.0,0.125,False
Family 3,comparative,anchor_coverage_at_5,chunk200_hybrid_enriched,chunk500_hybrid_enriched,11,5,True,1.0,0.0625,False
Family 3,comparative,anchor_coverage_at_5,chunk500_bm25_enriched,chunk500_dense_enriched,11,4,False,0.5,0.125,False
Family 3,comparative,anchor_coverage_at_5,chunk500_bm25_enriched,chunk500_hybrid_enriched,11,2,False,0.5,0.5,False
Family 3,comparative,anchor_coverage_at_5,chunk500_dense_enriched,chunk500_hybrid_enriched,11,4,False,1.0,0.125,False
Family 3,comparative,mean_reciprocal_rank_at_5,chunk200_bm25_enriched,chunk200_dense_enriched,11,7,False,0.46875,0.015625,True
Family 3,comparative,mean_reciprocal_rank_at_5,chunk200_bm25_enriched,chunk200_hybrid_enriched,11,4,False,0.125,0.125,False
Family 3,comparative,mean_reciprocal_rank_at_5,chunk200_bm25_enriched,chunk500_bm25_enriched,11,4,True,1.0,0.125,False
Family 3,comparative,mean_reciprocal_rank_at_5,chunk200_bm25_enriched,chunk500_dense_enriched,11,3,False,0.25,0.25,False
Family 3,comparative,mean_reciprocal_rank_at_5,chunk200_bm25_enriched,chunk500_hybrid_enriched,11,4,False,0.375,0.125,False
Family 3,comparative,mean_reciprocal_rank_at_5,chunk200_dense_enriched,chunk200_hybrid_enriched,11,7,False,0.8125,0.015625,True
Family 3,comparative,mean_reciprocal_rank_at_5,chunk200_dense_enriched,chunk500_bm25_enriched,11,6,False,0.3125,0.03125,True
Family 3,comparative,mean_reciprocal_rank_at_5,chunk200_dense_enriched,chunk500_dense_enriched,11,7,True,0.78125,0.015625,True
Family 3,comparative,mean_reciprocal_rank_at_5,chunk200_dense_enriched,chunk500_hybrid_enriched,11,8,False,1.0,0.0078125,True
Family 3,comparative,mean_reciprocal_rank_at_5,chunk200_hybrid_enriched,chunk500_bm25_enriched,11,6,False,0.25,0.03125,True
Family 3,comparative,mean_reciprocal_rank_at_5,chunk200_hybrid_enriched,chunk500_dense_enriched,11,5,False,0.9375,0.0625,False
Family 3,comparative,mean_reciprocal_rank_at_5,chunk200_hybrid_enriched,chunk500_hybrid_enriched,11,6,True,0.875,0.03125,True
Family 3,comparative,mean_reciprocal_rank_at_5,chunk500_bm25_enriched,chunk500_dense_enriched,11,5,False,0.1875,0.0625,False
Family 3,comparative,mean_reciprocal_rank_at_5,chunk500_bm25_enriched,chunk500_hybrid_enriched,11,4,False,0.125,0.125,False
Family 3,comparative,mean_reciprocal_rank_at_5,chunk500_dense_enriched,chunk500_hybrid_enriched,11,4,False,1.0,0.125,False
