family,scope,metric,a,b,win,loss,n_nonzero,p_raw_reported,p_holm_reported,p_raw_exact,p_holm_exact,sig_reported,sig_exact
Family 1,pooled,anchor_coverage_at_5,chunk200_bm25_enriched,chunk200_bm25,6,1,7,0.03742805512406306,0.07485611024812612,0.0625,0.125,False,False
Family 1,pooled,anchor_coverage_at_5,chunk200_dense_enriched,chunk200_dense,17,1,18,0.00017779835198083384,0.001066790111885003,2.288818359375e-05,0.0001373291015625,True,True
Family 1,pooled,anchor_coverage_at_5,chunk200_hybrid_enriched,chunk200_hybrid,12,1,13,0.0023537196640683947,0.009414878656273579,0.00146484375,0.005859375,True,True
Family 1,pooled,anchor_coverage_at_5,chunk500_bm25_enriched,chunk500_bm25,5,3,8,0.24821307898992362,0.24821307898992362,0.3359375,0.3359375,False,False
Family 1,pooled,anchor_coverage_at_5,chunk500_dense_enriched,chunk500_dense,12,0,12,0.0012968957989590631,0.006484478994795316,0.00048828125,0.00244140625,True,True
Family 1,pooled,anchor_coverage_at_5,chunk500_hybrid_enriched,chunk500_hybrid,12,2,14,0.0032408345715186767,0.00972250371455603,0.002685546875,0.008056640625,True,True
Family 1,pooled,mean_reciprocal_rank_at_5,chunk200_bm25_enriched,chunk200_bm25,8,2,10,0.02446393248159611,0.04892786496319222,0.021484375,0.04296875,True,True
Family 1,pooled,mean_reciprocal_rank_at_5,chunk200_dense_enriched,chunk200_dense,19,3,22,0.0004970840489182559,0.0029825042935095357,0.00015115737915039062,0.0009069442749023438,True,True
Family 1,pooled,mean_reciprocal_rank_at_5,chunk200_hybrid_enriched,chunk200_hybrid,17,3,20,0.0027305441112201526,0.01092217644488061,0.001617431640625,0.0064697265625,True,True
Family 1,pooled,mean_reciprocal_rank_at_5,chunk500_bm25_enriched,chunk500_bm25,5,4,9,0.7196780071859922,0.7196780071859922,0.7421875,0.7421875,False,False
Family 1,pooled,mean_reciprocal_rank_at_5,chunk500_dense_enriched,chunk500_dense,14,2,16,0.0013185326449949033,0.006592663224974517,0.00048828125,0.00244140625,True,True
Family 1,pooled,mean_reciprocal_rank_at_5,chunk500_hybrid_enriched,chunk500_hybrid,13,3,16,0.00700666140298928,0.02101998420896784,0.00469970703125,0.01409912109375,True,True
Family 1,factual,anchor_coverage_at_5,chunk200_bm25_enriched,chunk200_bm25,4,0,4,0.04550026389635839,0.09100052779271678,0.125,0.25,False,False
Family 1,factual,anchor_coverage_at_5,chunk200_dense_enriched,chunk200_dense,9,0,9,0.0026997960632601866,0.01619877637956112,0.00390625,0.0234375,True,True
Family 1,factual,anchor_coverage_at_5,chunk200_hybrid_enriched,chunk200_hybrid,7,0,7,0.0081509715935027,0.024452914780508102,0.015625,0.046875,True,True
Family 1,factual,anchor_coverage_at_5,chunk500_bm25_enriched,chunk500_bm25,4,1,5,0.17971249487899976,0.17971249487899976,0.375,0.375,False,False
Family 1,factual,anchor_coverage_at_5,chunk500_dense_enriched,chunk500_dense,9,0,9,0.0026997960632601866,0.01619877637956112,0.00390625,0.0234375,True,True
Family 1,factual,anchor_coverage_at_5,chunk500_hybrid_enriched,chunk500_hybrid,8,0,8,0.0046777349810472576,0.01871093992418903,0.0078125,0.03125,True,True
Family 1,factual,mean_reciprocal_rank_at_5,chunk200_bm25_enriched,chunk200_bm25,5,0,5,0.039359508888249725,0.07871901777649945,0.0625,0.125,False,False
Family 1,factual,mean_reciprocal_rank_at_5,chunk200_dense_enriched,chunk200_dense,10,1,11,0.015841708713670334,0.047525126141011,0.0126953125,0.0390625,True,True
Family 1,factual,mean_reciprocal_rank_at_5,chunk200_hybrid_enriched,chunk200_hybrid,9,1,10,0.010587137334056945,0.04234854933622778,0.009765625,0.0390625,True,True
Family 1,factual,mean_reciprocal_rank_at_5,chunk500_bm25_enriched,chunk500_bm25,4,2,6,0.6662276454096188,0.6662276454096188,0.78125,0.78125,False,False
Family 1,factual,mean_reciprocal_rank_at_5,chunk500_dense_enriched,chunk500_dense,10,0,10,0.003580327522366853,0.021481965134201118,0.001953125,0.01171875,True,True
Family 1,factual,mean_reciprocal_rank_at_5,chunk500_hybrid_enriched,chunk500_hybrid,9,0,9,0.0070583320485281004,0.0352916602426405,0.00390625,0.01953125,True,True
Family 1,thematic,anchor_coverage_at_5,chunk200_bm25_enriched,chunk200_bm25,0,1,1,0.31731050786291415,1.0,1.0,1.0,False,False
Family 1,thematic,anchor_coverage_at_5,chunk200_dense_enriched,chunk200_dense,2,1,3,0.4142161782425252,1.0,0.75,1.0,False,False
Family 1,thematic,anchor_coverage_at_5,chunk200_hybrid_enriched,chunk200_hybrid,2,1,3,0.4142161782425252,1.0,0.75,1.0,False,False
Family 1,thematic,anchor_coverage_at_5,chunk500_bm25_enriched,chunk500_bm25,0,0,0,,,,,False,False
Family 1,thematic,anchor_coverage_at_5,chunk500_dense_enriched,chunk500_dense,1,0,1,0.31731050786291415,1.0,1.0,1.0,False,False
Family 1,thematic,anchor_coverage_at_5,chunk500_hybrid_enriched,chunk500_hybrid,2,1,3,0.5637028616507731,1.0,1.0,1.0,False,False
Family 1,thematic,mean_reciprocal_rank_at_5,chunk200_bm25_enriched,chunk200_bm25,0,2,2,0.17971249487899976,0.8985624743949988,0.5,1.0,False,False
Family 1,thematic,mean_reciprocal_rank_at_5,chunk200_dense_enriched,chunk200_dense,2,2,4,0.4652088184521418,1.0,0.625,1.0,False,False
Family 1,thematic,mean_reciprocal_rank_at_5,chunk200_hybrid_enriched,chunk200_hybrid,2,2,4,0.7150006546880893,1.0,0.875,1.0,False,False
Family 1,thematic,mean_reciprocal_rank_at_5,chunk500_bm25_enriched,chunk500_bm25,0,0,0,,,,,False,False
Family 1,thematic,mean_reciprocal_rank_at_5,chunk500_dense_enriched,chunk500_dense,1,2,3,0.5929800980174267,1.0,0.75,1.0,False,False
Family 1,thematic,mean_reciprocal_rank_at_5,chunk500_hybrid_enriched,chunk500_hybrid,2,2,4,1.0,1.0,1.0,1.0,False,False
Family 1,comparative,anchor_coverage_at_5,chunk200_bm25_enriched,chunk200_bm25,2,0,2,0.5,1.0,0.5,1.0,False,False
Family 1,comparative,anchor_coverage_at_5,chunk200_dense_enriched,chunk200_dense,6,0,6,0.03125,0.1875,0.03125,0.1875,False,False
Family 1,comparative,anchor_coverage_at_5,chunk200_hybrid_enriched,chunk200_hybrid,3,0,3,0.25,1.0,0.25,1.0,False,False
Family 1,comparative,anchor_coverage_at_5,chunk500_bm25_enriched,chunk500_bm25,1,2,3,1.0,1.0,1.0,1.0,False,False
Family 1,comparative,anchor_coverage_at_5,chunk500_dense_enriched,chunk500_dense,2,0,2,0.5,1.0,0.5,1.0,False,False
Family 1,comparative,anchor_coverage_at_5,chunk500_hybrid_enriched,chunk500_hybrid,2,1,3,1.0,1.0,1.0,1.0,False,False
Family 1,comparative,mean_reciprocal_rank_at_5,chunk200_bm25_enriched,chunk200_bm25,3,0,3,0.25,1.0,0.25,1.0,False,False
Family 1,comparative,mean_reciprocal_rank_at_5,chunk200_dense_enriched,chunk200_dense,7,0,7,0.015625,0.09375,0.015625,0.09375,False,False
Family 1,comparative,mean_reciprocal_rank_at_5,chunk200_hybrid_enriched,chunk200_hybrid,6,0,6,0.03125,0.15625,0.03125,0.15625,False,False
Family 1,comparative,mean_reciprocal_rank_at_5,chunk500_bm25_enriched,chunk500_bm25,1,2,3,0.5,1.0,0.5,1.0,False,False
Family 1,comparative,mean_reciprocal_rank_at_5,chunk500_dense_enriched,chunk500_dense,3,0,3,0.25,1.0,0.25,1.0,False,False
Family 1,comparative,mean_reciprocal_rank_at_5,chunk500_hybrid_enriched,chunk500_hybrid,2,1,3,0.5,1.0,0.5,1.0,False,False
Family 2,pooled,anchor_coverage_at_5,chunk200_bm25,chunk200_dense,4,2,6,0.338724147759658,1.0,0.4375,1.0,False,False
Family 2,pooled,anchor_coverage_at_5,chunk200_bm25,chunk200_hybrid,1,3,4,0.25683925795785656,1.0,0.5,1.0,False,False
Family 2,pooled,anchor_coverage_at_5,chunk200_bm25,chunk500_bm25,3,4,7,0.8623197383894363,1.0,1.0,1.0,False,False
Family 2,pooled,anchor_coverage_at_5,chunk200_bm25,chunk500_dense,3,4,7,0.6646116295410063,1.0,0.71875,1.0,False,False
Family 2,pooled,anchor_coverage_at_5,chunk200_bm25,chunk500_hybrid,2,4,6,0.9146213878996874,1.0,1.0,1.0,False,False
Family 2,pooled,anchor_coverage_at_5,chunk200_dense,chunk200_hybrid,1,5,6,0.043416880216799444,0.6512532032519917,0.0625,0.9375,False,False
Family 2,pooled,anchor_coverage_at_5,chunk200_dense,chunk500_bm25,4,7,11,0.3642913030897019,1.0,0.43359375,1.0,False,False
Family 2,pooled,anchor_coverage_at_5,chunk200_dense,chunk500_dense,3,6,9,0.5055707258803321,1.0,0.640625,1.0,False,False
Family 2,pooled,anchor_coverage_at_5,chunk200_dense,chunk500_hybrid,3,7,10,0.32326874915737525,1.0,0.39453125,1.0,False,False
Family 2,pooled,anchor_coverage_at_5,chunk200_hybrid,chunk500_bm25,6,5,11,0.6807533824170628,1.0,0.7900390625,1.0,False,False
Family 2,pooled,anchor_coverage_at_5,chunk200_hybrid,chunk500_dense,5,4,9,0.3301911186033427,1.0,0.39453125,1.0,False,False
Family 2,pooled,anchor_coverage_at_5,chunk200_hybrid,chunk500_hybrid,3,3,6,0.5164122683960384,1.0,0.625,1.0,False,False
Family 2,pooled,anchor_coverage_at_5,chunk500_bm25,chunk500_dense,4,4,8,0.5657197991441898,1.0,0.640625,1.0,False,False
Family 2,pooled,anchor_coverage_at_5,chunk500_bm25,chunk500_hybrid,3,4,7,0.9309012350403777,1.0,1.0,1.0,False,False
Family 2,pooled,anchor_coverage_at_5,chunk500_dense,chunk500_hybrid,2,3,5,0.580912420333197,1.0,0.8125,1.0,False,False
Family 2,pooled,mean_reciprocal_rank_at_5,chunk200_bm25,chunk200_dense,6,3,9,0.2858975599599568,1.0,0.3125,1.0,False,False
Family 2,pooled,mean_reciprocal_rank_at_5,chunk200_bm25,chunk200_hybrid,3,5,8,0.5260658393071347,1.0,0.5703125,1.0,False,False
Family 2,pooled,mean_reciprocal_rank_at_5,chunk200_bm25,chunk500_bm25,4,4,8,0.6236388261276493,1.0,0.671875,1.0,False,False
Family 2,pooled,mean_reciprocal_rank_at_5,chunk200_bm25,chunk500_dense,4,6,10,0.5067954114046354,1.0,0.544921875,1.0,False,False
Family 2,pooled,mean_reciprocal_rank_at_5,chunk200_bm25,chunk500_hybrid,2,8,10,0.18457255283988294,1.0,0.20703125,1.0,False,False
Family 2,pooled,mean_reciprocal_rank_at_5,chunk200_dense,chunk200_hybrid,1,8,9,0.014978337753425034,0.22467506630137551,0.01171875,0.17578125,False,False
Family 2,pooled,mean_reciprocal_rank_at_5,chunk200_dense,chunk500_bm25,4,7,11,0.3493356515573367,1.0,0.376953125,1.0,False,False
Family 2,pooled,mean_reciprocal_rank_at_5,chunk200_dense,chunk500_dense,3,8,11,0.13009440924007054,1.0,0.1455078125,1.0,False,False
Family 2,pooled,mean_reciprocal_rank_at_5,chunk200_dense,chunk500_hybrid,3,9,12,0.07618755288506611,1.0,0.078125,1.0,False,False
Family 2,pooled,mean_reciprocal_rank_at_5,chunk200_hybrid,chunk500_bm25,7,7,14,0.974879380658153,1.0,0.98779296875,1.0,False,False
Family 2,pooled,mean_reciprocal_rank_at_5,chunk200_hybrid,chunk500_dense,5,6,11,0.9644711462440767,1.0,0.970703125,1.0,False,False
Family 2,pooled,mean_reciprocal_rank_at_5,chunk200_hybrid,chunk500_hybrid,4,7,11,0.4224478419544786,1.0,0.44921875,1.0,False,False
Family 2,pooled,mean_reciprocal_rank_at_5,chunk500_bm25,chunk500_dense,5,6,11,0.7213146313624996,1.0,0.7470703125,1.0,False,False
Family 2,pooled,mean_reciprocal_rank_at_5,chunk500_bm25,chunk500_hybrid,3,8,11,0.12952312738814045,1.0,0.13671875,1.0,False,False
Family 2,pooled,mean_reciprocal_rank_at_5,chunk500_dense,chunk500_hybrid,3,5,8,0.3615470714520429,1.0,0.421875,1.0,False,False
Family 2,factual,anchor_coverage_at_5,chunk200_bm25,chunk200_dense,2,1,3,0.5637028616507731,1.0,1.0,1.0,False,False
Family 2,factual,anchor_coverage_at_5,chunk200_bm25,chunk200_hybrid,0,1,1,0.31731050786291415,1.0,1.0,1.0,False,False
Family 2,factual,anchor_coverage_at_5,chunk200_bm25,chunk500_bm25,2,2,4,1.0,1.0,1.0,1.0,False,False
Family 2,factual,anchor_coverage_at_5,chunk200_bm25,chunk500_dense,3,1,4,0.31731050786291415,1.0,0.625,1.0,False,False
Family 2,factual,anchor_coverage_at_5,chunk200_bm25,chunk500_hybrid,2,1,3,0.5637028616507731,1.0,1.0,1.0,False,False
Family 2,factual,anchor_coverage_at_5,chunk200_dense,chunk200_hybrid,0,2,2,0.15729920705028502,1.0,0.5,1.0,False,False
Family 2,factual,anchor_coverage_at_5,chunk200_dense,chunk500_bm25,2,3,5,0.6547208460185769,1.0,1.0,1.0,False,False
Family 2,factual,anchor_coverage_at_5,chunk200_dense,chunk500_dense,2,1,3,0.5637028616507731,1.0,1.0,1.0,False,False
Family 2,factual,anchor_coverage_at_5,chunk200_dense,chunk500_hybrid,2,2,4,1.0,1.0,1.0,1.0,False,False
Family 2,factual,anchor_coverage_at_5,chunk200_hybrid,chunk500_bm25,3,2,5,0.6547208460185769,1.0,1.0,1.0,False,False
Family 2,factual,anchor_coverage_at_5,chunk200_hybrid,chunk500_dense,4,1,5,0.17971249487899976,1.0,0.375,1.0,False,False
Family 2,factual,anchor_coverage_at_5,chunk200_hybrid,chunk500_hybrid,3,1,4,0.31731050786291415,1.0,0.625,1.0,False,False
Family 2,factual,anchor_coverage_at_5,chunk500_bm25,chunk500_dense,3,1,4,0.31731050786291415,1.0,0.625,1.0,False,False
Family 2,factual,anchor_coverage_at_5,chunk500_bm25,chunk500_hybrid,2,1,3,0.5637028616507731,1.0,1.0,1.0,False,False
Family 2,factual,anchor_coverage_at_5,chunk500_dense,chunk500_hybrid,1,2,3,0.5637028616507731,1.0,1.0,1.0,False,False
Family 2,factual,mean_reciprocal_rank_at_5,chunk200_bm25,chunk200_dense,3,1,4,0.5807121621890252,1.0,0.75,1.0,False,False
Family 2,factual,mean_reciprocal_rank_at_5,chunk200_bm25,chunk200_hybrid,1,2,3,0.5929800980174267,1.0,0.75,1.0,False,False
Family 2,factual,mean_reciprocal_rank_at_5,chunk200_bm25,chunk500_bm25,2,2,4,0.8539232992870668,1.0,1.0,1.0,False,False
Family 2,factual,mean_reciprocal_rank_at_5,chunk200_bm25,chunk500_dense,3,1,4,0.3572725590318747,1.0,0.5,1.0,False,False
Family 2,factual,mean_reciprocal_rank_at_5,chunk200_bm25,chunk500_hybrid,2,2,4,0.8539232992870668,1.0,1.0,1.0,False,False
Family 2,factual,mean_reciprocal_rank_at_5,chunk200_dense,chunk200_hybrid,0,3,3,0.10247043485974937,1.0,0.25,1.0,False,False
Family 2,factual,mean_reciprocal_rank_at_5,chunk200_dense,chunk500_bm25,2,3,5,0.6830913983096087,1.0,0.875,1.0,False,False
Family 2,factual,mean_reciprocal_rank_at_5,chunk200_dense,chunk500_dense,2,1,3,0.5929800980174267,1.0,0.75,1.0,False,False
Family 2,factual,mean_reciprocal_rank_at_5,chunk200_dense,chunk500_hybrid,2,2,4,0.8539232992870668,1.0,1.0,1.0,False,False
Family 2,factual,mean_reciprocal_rank_at_5,chunk200_hybrid,chunk500_bm25,3,3,6,0.6732899796599957,1.0,0.78125,1.0,False,False
Family 2,factual,mean_reciprocal_rank_at_5,chunk200_hybrid,chunk500_dense,4,1,5,0.22067136191984693,1.0,0.3125,1.0,False,False
Family 2,factual,mean_reciprocal_rank_at_5,chunk200_hybrid,chunk500_hybrid,3,2,5,0.6802795473344503,1.0,0.8125,1.0,False,False
Family 2,factual,mean_reciprocal_rank_at_5,chunk500_bm25,chunk500_dense,3,1,4,0.27332167829229814,1.0,0.375,1.0,False,False
Family 2,factual,mean_reciprocal_rank_at_5,chunk500_bm25,chunk500_hybrid,2,2,4,1.0,1.0,1.0,1.0,False,False
Family 2,factual,mean_reciprocal_rank_at_5,chunk500_dense,chunk500_hybrid,1,2,3,0.28504940740261275,1.0,0.5,1.0,False,False
Family 2,thematic,anchor_coverage_at_5,chunk200_bm25,chunk200_dense,1,1,2,0.6547208460185769,1.0,1.0,1.0,False,False
Family 2,thematic,anchor_coverage_at_5,chunk200_bm25,chunk200_hybrid,1,1,2,1.0,1.0,1.0,1.0,False,False
Family 2,thematic,anchor_coverage_at_5,chunk200_bm25,chunk500_bm25,1,0,1,0.31731050786291415,1.0,1.0,1.0,False,False
Family 2,thematic,anchor_coverage_at_5,chunk200_bm25,chunk500_dense,0,1,1,0.31731050786291415,1.0,1.0,1.0,False,False
Family 2,thematic,anchor_coverage_at_5,chunk200_bm25,chunk500_hybrid,0,1,1,0.31731050786291415,1.0,1.0,1.0,False,False
Family 2,thematic,anchor_coverage_at_5,chunk200_dense,chunk200_hybrid,1,1,2,0.6547208460185769,1.0,1.0,1.0,False,False
Family 2,thematic,anchor_coverage_at_5,chunk200_dense,chunk500_bm25,2,1,3,0.7854947471183542,1.0,1.0,1.0,False,False
Family 2,thematic,anchor_coverage_at_5,chunk200_dense,chunk500_dense,1,2,3,0.27630291733748347,1.0,0.5,1.0,False,False
Family 2,thematic,anchor_coverage_at_5,chunk200_dense,chunk500_hybrid,1,2,3,0.27630291733748347,1.0,0.5,1.0,False,False
Family 2,thematic,anchor_coverage_at_5,chunk200_hybrid,chunk500_bm25,2,1,3,0.5637028616507731,1.0,1.0,1.0,False,False
Family 2,thematic,anchor_coverage_at_5,chunk200_hybrid,chunk500_dense,1,2,3,0.5637028616507731,1.0,1.0,1.0,False,False
Family 2,thematic,anchor_coverage_at_5,chunk200_hybrid,chunk500_hybrid,0,1,1,0.31731050786291415,1.0,1.0,1.0,False,False
Family 2,thematic,anchor_coverage_at_5,chunk500_bm25,chunk500_dense,0,2,2,0.15729920705028502,1.0,0.5,1.0,False,False
Family 2,thematic,anchor_coverage_at_5,chunk500_bm25,chunk500_hybrid,0,2,2,0.15729920705028502,1.0,0.5,1.0,False,False
Family 2,thematic,anchor_coverage_at_5,chunk500_dense,chunk500_hybrid,1,1,2,1.0,1.0,1.0,1.0,False,False
Family 2,thematic,mean_reciprocal_rank_at_5,chunk200_bm25,chunk200_dense,1,2,3,1.0,1.0,1.0,1.0,False,False
Family 2,thematic,mean_reciprocal_rank_at_5,chunk200_bm25,chunk200_hybrid,1,2,3,0.4142161782425252,1.0,0.75,1.0,False,False
Family 2,thematic,mean_reciprocal_rank_at_5,chunk200_bm25,chunk500_bm25,1,0,1,0.31731050786291415,1.0,1.0,1.0,False,False
Family 2,thematic,mean_reciprocal_rank_at_5,chunk200_bm25,chunk500_dense,0,2,2,0.17971249487899976,1.0,0.5,1.0,False,False
Family 2,thematic,mean_reciprocal_rank_at_5,chunk200_bm25,chunk500_hybrid,0,3,3,0.10880943004054568,1.0,0.25,1.0,False,False
Family 2,thematic,mean_reciprocal_rank_at_5,chunk200_dense,chunk200_hybrid,1,2,3,0.28504940740261275,1.0,0.5,1.0,False,False
Family 2,thematic,mean_reciprocal_rank_at_5,chunk200_dense,chunk500_bm25,2,1,3,0.5929800980174267,1.0,0.75,1.0,False,False
Family 2,thematic,mean_reciprocal_rank_at_5,chunk200_dense,chunk500_dense,1,3,4,0.14412703481601533,1.0,0.25,1.0,False,False
Family 2,thematic,mean_reciprocal_rank_at_5,chunk200_dense,chunk500_hybrid,1,3,4,0.14077277337135014,1.0,0.25,1.0,False,False
Family 2,thematic,mean_reciprocal_rank_at_5,chunk200_hybrid,chunk500_bm25,2,1,3,0.4142161782425252,1.0,0.75,1.0,False,False
Family 2,thematic,mean_reciprocal_rank_at_5,chunk200_hybrid,chunk500_dense,1,2,3,0.4142161782425252,1.0,0.75,1.0,False,False
Family 2,thematic,mean_reciprocal_rank_at_5,chunk200_hybrid,chunk500_hybrid,0,2,2,0.17971249487899976,1.0,0.5,1.0,False,False
Family 2,thematic,mean_reciprocal_rank_at_5,chunk500_bm25,chunk500_dense,0,2,2,0.15729920705028502,1.0,0.5,1.0,False,False
Family 2,thematic,mean_reciprocal_rank_at_5,chunk500_bm25,chunk500_hybrid,0,3,3,0.10880943004054568,1.0,0.25,1.0,False,False
Family 2,thematic,mean_reciprocal_rank_at_5,chunk500_dense,chunk500_hybrid,1,2,3,1.0,1.0,1.0,1.0,False,False
Family 2,comparative,anchor_coverage_at_5,chunk200_bm25,chunk200_dense,1,0,1,1.0,1.0,1.0,1.0,False,False
Family 2,comparative,anchor_coverage_at_5,chunk200_bm25,chunk200_hybrid,0,1,1,1.0,1.0,1.0,1.0,False,False
Family 2,comparative,anchor_coverage_at_5,chunk200_bm25,chunk500_bm25,0,2,2,0.5,1.0,0.5,1.0,False,False
Family 2,comparative,anchor_coverage_at_5,chunk200_bm25,chunk500_dense,0,2,2,0.5,1.0,0.5,1.0,False,False
Family 2,comparative,anchor_coverage_at_5,chunk200_bm25,chunk500_hybrid,0,2,2,0.5,1.0,0.5,1.0,False,False
Family 2,comparative,anchor_coverage_at_5,chunk200_dense,chunk200_hybrid,0,2,2,0.5,1.0,0.5,1.0,False,False
Family 2,comparative,anchor_coverage_at_5,chunk200_dense,chunk500_bm25,0,3,3,0.25,1.0,0.25,1.0,False,False
Family 2,comparative,anchor_coverage_at_5,chunk200_dense,chunk500_dense,0,3,3,0.25,1.0,0.25,1.0,False,False
Family 2,comparative,anchor_coverage_at_5,chunk200_dense,chunk500_hybrid,0,3,3,0.25,1.0,0.25,1.0,False,False
Family 2,comparative,anchor_coverage_at_5,chunk200_hybrid,chunk500_bm25,1,2,3,1.0,1.0,1.0,1.0,False,False
Family 2,comparative,anchor_coverage_at_5,chunk200_hybrid,chunk500_dense,0,1,1,1.0,1.0,1.0,1.0,False,False
Family 2,comparative,anchor_coverage_at_5,chunk200_hybrid,chunk500_hybrid,0,1,1,1.0,1.0,1.0,1.0,False,False
Family 2,comparative,anchor_coverage_at_5,chunk500_bm25,chunk500_dense,1,1,2,1.0,1.0,1.0,1.0,False,False
Family 2,comparative,anchor_coverage_at_5,chunk500_bm25,chunk500_hybrid,1,1,2,1.0,1.0,1.0,1.0,False,False
Family 2,comparative,anchor_coverage_at_5,chunk500_dense,chunk500_hybrid,0,0,0,,,,,False,False
Family 2,comparative,mean_reciprocal_rank_at_5,chunk200_bm25,chunk200_dense,2,0,2,0.5,1.0,0.5,1.0,False,False
Family 2,comparative,mean_reciprocal_rank_at_5,chunk200_bm25,chunk200_hybrid,1,1,2,1.0,1.0,1.0,1.0,False,False
Family 2,comparative,mean_reciprocal_rank_at_5,chunk200_bm25,chunk500_bm25,1,2,3,0.5,1.0,0.5,1.0,False,False
Family 2,comparative,mean_reciprocal_rank_at_5,chunk200_bm25,chunk500_dense,1,3,4,0.5,1.0,0.5,1.0,False,False
Family 2,comparative,mean_reciprocal_rank_at_5,chunk200_bm25,chunk500_hybrid,0,3,3,0.25,1.0,0.25,1.0,False,False
Family 2,comparative,mean_reciprocal_rank_at_5,chunk200_dense,chunk200_hybrid,0,3,3,0.25,1.0,0.25,1.0,False,False
Family 2,comparative,mean_reciprocal_rank_at_5,chunk200_dense,chunk500_bm25,0,3,3,0.25,1.0,0.25,1.0,False,False
Family 2,comparative,mean_reciprocal_rank_at_5,chunk200_dense,chunk500_dense,0,4,4,0.125,1.0,0.125,1.0,False,False
Family 2,comparative,mean_reciprocal_rank_at_5,chunk200_dense,chunk500_hybrid,0,4,4,0.125,1.0,0.125,1.0,False,False
Family 2,comparative,mean_reciprocal_rank_at_5,chunk200_hybrid,chunk500_bm25,2,3,5,0.375,1.0,0.375,1.0,False,False
Family 2,comparative,mean_reciprocal_rank_at_5,chunk200_hybrid,chunk500_dense,0,3,3,0.25,1.0,0.25,1.0,False,False
Family 2,comparative,mean_reciprocal_rank_at_5,chunk200_hybrid,chunk500_hybrid,1,3,4,0.25,1.0,0.25,1.0,False,False
Family 2,comparative,mean_reciprocal_rank_at_5,chunk500_bm25,chunk500_dense,2,3,5,0.6875,1.0,0.6875,1.0,False,False
Family 2,comparative,mean_reciprocal_rank_at_5,chunk500_bm25,chunk500_hybrid,1,3,4,0.375,1.0,0.375,1.0,False,False
Family 2,comparative,mean_reciprocal_rank_at_5,chunk500_dense,chunk500_hybrid,1,1,2,1.0,1.0,1.0,1.0,False,False
Family 3,pooled,anchor_coverage_at_5,chunk200_bm25_enriched,chunk200_dense_enriched,2,12,14,0.020756931750639907,0.2490831810076789,0.022216796875,0.2666015625,False,False
Family 3,pooled,anchor_coverage_at_5,chunk200_bm25_enriched,chunk200_hybrid_enriched,1,9,10,0.036414984519271706,0.3641498451927171,0.03515625,0.3515625,False,False
Family 3,pooled,anchor_coverage_at_5,chunk200_bm25_enriched,chunk500_bm25_enriched,5,3,8,0.5637028616507731,1.0,0.6875,1.0,False,False
Family 3,pooled,anchor_coverage_at_5,chunk200_bm25_enriched,chunk500_dense_enriched,2,10,12,0.08955507441364255,0.7164405953091404,0.11474609375,0.91796875,False,False
Family 3,pooled,anchor_coverage_at_5,chunk200_bm25_enriched,chunk500_hybrid_enriched,2,9,11,0.060886840039593826,0.5479815603563445,0.0751953125,0.6767578125,False,False
Family 3,pooled,anchor_coverage_at_5,chunk200_dense_enriched,chunk200_hybrid_enriched,4,3,7,0.4697988825336007,1.0,0.6875,1.0,False,False
Family 3,pooled,anchor_coverage_at_5,chunk200_dense_enriched,chunk500_bm25_enriched,12,1,13,0.0034052358212947604,0.051078537319421406,0.001953125,0.029296875,False,True
Family 3,pooled,anchor_coverage_at_5,chunk200_dense_enriched,chunk500_dense_enriched,4,2,6,0.45035134358487394,1.0,0.5625,1.0,False,False
Family 3,pooled,anchor_coverage_at_5,chunk200_dense_enriched,chunk500_hybrid_enriched,5,3,8,0.3883232289789247,1.0,0.4375,1.0,False,False
Family 3,pooled,anchor_coverage_at_5,chunk200_hybrid_enriched,chunk500_bm25_enriched,11,1,12,0.0044314325694077925,0.0620400559717091,0.00341796875,0.0478515625,False,True
Family 3,pooled,anchor_coverage_at_5,chunk200_hybrid_enriched,chunk500_dense_enriched,4,4,8,0.5580088344574561,1.0,0.671875,1.0,False,False
Family 3,pooled,anchor_coverage_at_5,chunk200_hybrid_enriched,chunk500_hybrid_enriched,5,4,9,0.41741292343058733,1.0,0.53125,1.0,False,False
Family 3,pooled,anchor_coverage_at_5,chunk500_bm25_enriched,chunk500_dense_enriched,2,11,13,0.021381691163120643,0.2490831810076789,0.022216796875,0.2666015625,False,False
Family 3,pooled,anchor_coverage_at_5,chunk500_bm25_enriched,chunk500_hybrid_enriched,0,9,9,0.00616989932054416,0.08020869116707408,0.00390625,0.05078125,False,False
Family 3,pooled,anchor_coverage_at_5,chunk500_dense_enriched,chunk500_hybrid_enriched,3,3,6,0.7477301646241347,1.0,0.90625,1.0,False,False
Family 3,pooled,mean_reciprocal_rank_at_5,chunk200_bm25_enriched,chunk200_dense_enriched,6,16,22,0.11839559287338726,0.9471647429870981,0.1218113899230957,0.9744911193847656,False,False
Family 3,pooled,mean_reciprocal_rank_at_5,chunk200_bm25_enriched,chunk200_hybrid_enriched,2,14,16,0.0065248215971748565,0.07829785916609827,0.004425048828125,0.0531005859375,False,False
Family 3,pooled,mean_reciprocal_rank_at_5,chunk200_bm25_enriched,chunk500_bm25_enriched,7,6,13,0.24828546343650038,1.0,0.26416015625,1.0,False,False
Family 3,pooled,mean_reciprocal_rank_at_5,chunk200_bm25_enriched,chunk500_dense_enriched,3,14,17,0.026917072925542494,0.26917072925542496,0.0251007080078125,0.251007080078125,False,False
Family 3,pooled,mean_reciprocal_rank_at_5,chunk200_bm25_enriched,chunk500_hybrid_enriched,4,14,18,0.05757133578815882,0.5181420220934294,0.0582122802734375,0.5239105224609375,False,False
Family 3,pooled,mean_reciprocal_rank_at_5,chunk200_dense_enriched,chunk200_hybrid_enriched,7,11,18,0.35996803730808224,1.0,0.3746795654296875,1.0,False,False
Family 3,pooled,mean_reciprocal_rank_at_5,chunk200_dense_enriched,chunk500_bm25_enriched,16,4,20,0.006681913953202974,0.07829785916609827,0.004947662353515625,0.054424285888671875,False,False
Family 3,pooled,mean_reciprocal_rank_at_5,chunk200_dense_enriched,chunk500_dense_enriched,7,11,18,0.2664285829701688,1.0,0.27838134765625,1.0,False,False
Family 3,pooled,mean_reciprocal_rank_at_5,chunk200_dense_enriched,chunk500_hybrid_enriched,9,13,22,0.7698014836092583,1.0,0.7806053161621094,1.0,False,False
Family 3,pooled,mean_reciprocal_rank_at_5,chunk200_hybrid_enriched,chunk500_bm25_enriched,16,3,19,0.0004221527287144085,0.005910138202001719,8.0108642578125e-05,0.00112152099609375,True,True
Family 3,pooled,mean_reciprocal_rank_at_5,chunk200_hybrid_enriched,chunk500_dense_enriched,6,6,12,0.9686278814116681,1.0,0.98974609375,1.0,False,False
Family 3,pooled,mean_reciprocal_rank_at_5,chunk200_hybrid_enriched,chunk500_hybrid_enriched,9,9,18,0.6625959372280352,1.0,0.6775894165039062,1.0,False,False
Family 3,pooled,mean_reciprocal_rank_at_5,chunk500_bm25_enriched,chunk500_dense_enriched,3,17,20,0.0024239535462439216,0.03151139610117098,0.0013446807861328125,0.017480850219726562,True,True
Family 3,pooled,mean_reciprocal_rank_at_5,chunk500_bm25_enriched,chunk500_hybrid_enriched,0,17,17,0.00028734688212536007,0.0043102032318804015,1.52587890625e-05,0.0002288818359375,True,True
Family 3,pooled,mean_reciprocal_rank_at_5,chunk500_dense_enriched,chunk500_hybrid_enriched,7,7,14,0.5718922635979182,1.0,0.5927734375,1.0,False,False
Family 3,factual,anchor_coverage_at_5,chunk200_bm25_enriched,chunk200_dense_enriched,1,5,6,0.10247043485974941,1.0,0.21875,1.0,False,False
Family 3,factual,anchor_coverage_at_5,chunk200_bm25_enriched,chunk200_hybrid_enriched,1,5,6,0.10247043485974941,1.0,0.21875,1.0,False,False
Family 3,factual,anchor_coverage_at_5,chunk200_bm25_enriched,chunk500_bm25_enriched,3,2,5,0.6547208460185769,1.0,1.0,1.0,False,False
Family 3,factual,anchor_coverage_at_5,chunk200_bm25_enriched,chunk500_dense_enriched,2,5,7,0.25683925795785656,1.0,0.453125,1.0,False,False
Family 3,factual,anchor_coverage_at_5,chunk200_bm25_enriched,chunk500_hybrid_enriched,1,4,5,0.17971249487899976,1.0,0.375,1.0,False,False
Family 3,factual,anchor_coverage_at_5,chunk200_dense_enriched,chunk200_hybrid_enriched,0,0,0,,,,,False,False
Family 3,factual,anchor_coverage_at_5,chunk200_dense_enriched,chunk500_bm25_enriched,5,0,5,0.025347318677468252,0.3548624614845555,0.0625,0.875,False,False
Family 3,factual,anchor_coverage_at_5,chunk200_dense_enriched,chunk500_dense_enriched,1,0,1,0.31731050786291415,1.0,1.0,1.0,False,False
Family 3,factual,anchor_coverage_at_5,chunk200_dense_enriched,chunk500_hybrid_enriched,1,0,1,0.31731050786291415,1.0,1.0,1.0,False,False
Family 3,factual,anchor_coverage_at_5,chunk200_hybrid_enriched,chunk500_bm25_enriched,5,0,5,0.025347318677468252,0.3548624614845555,0.0625,0.875,False,False
Family 3,factual,anchor_coverage_at_5,chunk200_hybrid_enriched,chunk500_dense_enriched,1,0,1,0.31731050786291415,1.0,1.0,1.0,False,False
Family 3,factual,anchor_coverage_at_5,chunk200_hybrid_enriched,chunk500_hybrid_enriched,1,0,1,0.31731050786291415,1.0,1.0,1.0,False,False
Family 3,factual,anchor_coverage_at_5,chunk500_bm25_enriched,chunk500_dense_enriched,1,5,6,0.10247043485974941,1.0,0.21875,1.0,False,False
Family 3,factual,anchor_coverage_at_5,chunk500_bm25_enriched,chunk500_hybrid_enriched,0,4,4,0.04550026389635839,0.5460031667563007,0.125,1.0,False,False
Family 3,factual,anchor_coverage_at_5,chunk500_dense_enriched,chunk500_hybrid_enriched,1,1,2,1.0,1.0,1.0,1.0,False,False
Family 3,factual,mean_reciprocal_rank_at_5,chunk200_bm25_enriched,chunk200_dense_enriched,3,8,11,0.34837650549797505,1.0,0.3720703125,1.0,False,False
Family 3,factual,mean_reciprocal_rank_at_5,chunk200_bm25_enriched,chunk200_hybrid_enriched,1,8,9,0.07274204006810549,0.8001624407491603,0.0859375,0.9453125,False,False
Family 3,factual,mean_reciprocal_rank_at_5,chunk200_bm25_enriched,chunk500_bm25_enriched,5,3,8,0.18181616460470695,1.0,0.203125,1.0,False,False
Family 3,factual,mean_reciprocal_rank_at_5,chunk200_bm25_enriched,chunk500_dense_enriched,2,8,10,0.19219903638649327,1.0,0.212890625,1.0,False,False
Family 3,factual,mean_reciprocal_rank_at_5,chunk200_bm25_enriched,chunk500_hybrid_enriched,3,7,10,0.2603272787106181,1.0,0.298828125,1.0,False,False
Family 3,factual,mean_reciprocal_rank_at_5,chunk200_dense_enriched,chunk200_hybrid_enriched,2,5,7,0.08808151166219029,0.8808151166219029,0.125,1.0,False,False
Family 3,factual,mean_reciprocal_rank_at_5,chunk200_dense_enriched,chunk500_bm25_enriched,9,1,10,0.027904030795170242,0.3627524003372131,0.025390625,0.330078125,False,False
Family 3,factual,mean_reciprocal_rank_at_5,chunk200_dense_enriched,chunk500_dense_enriched,2,5,7,0.12750833049058283,1.0,0.140625,1.0,False,False
Family 3,factual,mean_reciprocal_rank_at_5,chunk200_dense_enriched,chunk500_hybrid_enriched,5,5,10,0.8779299426114896,1.0,0.888671875,1.0,False,False
Family 3,factual,mean_reciprocal_rank_at_5,chunk200_hybrid_enriched,chunk500_bm25_enriched,10,0,10,0.004753229214898705,0.07129843822348057,0.001953125,0.029296875,False,True
Family 3,factual,mean_reciprocal_rank_at_5,chunk200_hybrid_enriched,chunk500_dense_enriched,2,2,4,0.5807121621890252,1.0,0.75,1.0,False,False
Family 3,factual,mean_reciprocal_rank_at_5,chunk200_hybrid_enriched,chunk500_hybrid_enriched,5,2,7,0.23420128325876344,1.0,0.28125,1.0,False,False
Family 3,factual,mean_reciprocal_rank_at_5,chunk500_bm25_enriched,chunk500_dense_enriched,1,10,11,0.030295168108521862,0.3635420173022623,0.0302734375,0.36328125,False,False
Family 3,factual,mean_reciprocal_rank_at_5,chunk500_bm25_enriched,chunk500_hybrid_enriched,0,9,9,0.007420961287866498,0.10389345803013098,0.00390625,0.0546875,False,False
Family 3,factual,mean_reciprocal_rank_at_5,chunk500_dense_enriched,chunk500_hybrid_enriched,5,2,7,0.5526912087941886,1.0,0.59375,1.0,False,False
Family 3,thematic,anchor_coverage_at_5,chunk200_bm25_enriched,chunk200_dense_enriched,1,3,4,0.4496917979688909,1.0,0.625,1.0,False,False
Family 3,thematic,anchor_coverage_at_5,chunk200_bm25_enriched,chunk200_hybrid_enriched,0,2,2,0.17971249487899976,1.0,0.5,1.0,False,False
Family 3,thematic,anchor_coverage_at_5,chunk200_bm25_enriched,chunk500_bm25_enriched,0,0,0,,,,,False,False
Family 3,thematic,anchor_coverage_at_5,chunk200_bm25_enriched,chunk500_dense_enriched,0,3,3,0.0832645166635504,1.0,0.25,1.0,False,False
Family 3,thematic,anchor_coverage_at_5,chunk200_bm25_enriched,chunk500_hybrid_enriched,0,3,3,0.0832645166635504,1.0,0.25,1.0,False,False
Family 3,thematic,anchor_coverage_at_5,chunk200_dense_enriched,chunk200_hybrid_enriched,1,2,3,0.7854947471183542,1.0,1.0,1.0,False,False
Family 3,thematic,anchor_coverage_at_5,chunk200_dense_enriched,chunk500_bm25_enriched,3,1,4,0.4496917979688909,1.0,0.625,1.0,False,False
Family 3,thematic,anchor_coverage_at_5,chunk200_dense_enriched,chunk500_dense_enriched,1,2,3,0.27630291733748347,1.0,0.5,1.0,False,False
Family 3,thematic,anchor_coverage_at_5,chunk200_dense_enriched,chunk500_hybrid_enriched,1,2,3,0.27630291733748347,1.0,0.5,1.0,False,False
Family 3,thematic,anchor_coverage_at_5,chunk200_hybrid_enriched,chunk500_bm25_enriched,2,0,2,0.17971249487899976,1.0,0.5,1.0,False,False
Family 3,thematic,anchor_coverage_at_5,chunk200_hybrid_enriched,chunk500_dense_enriched,1,2,3,1.0,1.0,1.0,1.0,False,False
Family 3,thematic,anchor_coverage_at_5,chunk200_hybrid_enriched,chunk500_hybrid_enriched,1,2,3,1.0,1.0,1.0,1.0,False,False
Family 3,thematic,anchor_coverage_at_5,chunk500_bm25_enriched,chunk500_dense_enriched,0,3,3,0.0832645166635504,1.0,0.25,1.0,False,False
Family 3,thematic,anchor_coverage_at_5,chunk500_bm25_enriched,chunk500_hybrid_enriched,0,3,3,0.0832645166635504,1.0,0.25,1.0,False,False
Family 3,thematic,anchor_coverage_at_5,chunk500_dense_enriched,chunk500_hybrid_enriched,0,0,0,,,,,False,False
Family 3,thematic,mean_reciprocal_rank_at_5,chunk200_bm25_enriched,chunk200_dense_enriched,1,3,4,0.14077277337135014,1.0,0.25,1.0,False,False
Family 3,thematic,mean_reciprocal_rank_at_5,chunk200_bm25_enriched,chunk200_hybrid_enriched,1,2,3,0.28504940740261275,1.0,0.5,1.0,False,False
Family 3,thematic,mean_reciprocal_rank_at_5,chunk200_bm25_enriched,chunk500_bm25_enriched,0,1,1,0.31731050786291415,1.0,1.0,1.0,False,False
Family 3,thematic,mean_reciprocal_rank_at_5,chunk200_bm25_enriched,chunk500_dense_enriched,1,3,4,0.14412703481601533,1.0,0.25,1.0,False,False
Family 3,thematic,mean_reciprocal_rank_at_5,chunk200_bm25_enriched,chunk500_hybrid_enriched,0,4,4,0.0633177868300456,0.949766802450684,0.125,1.0,False,False
Family 3,thematic,mean_reciprocal_rank_at_5,chunk200_dense_enriched,chunk200_hybrid_enriched,1,3,4,0.7150006546880893,1.0,0.875,1.0,False,False
Family 3,thematic,mean_reciprocal_rank_at_5,chunk200_dense_enriched,chunk500_bm25_enriched,3,1,4,0.25683925795785656,1.0,0.5,1.0,False,False
Family 3,thematic,mean_reciprocal_rank_at_5,chunk200_dense_enriched,chunk500_dense_enriched,1,3,4,0.7127018566581784,1.0,0.875,1.0,False,False
Family 3,thematic,mean_reciprocal_rank_at_5,chunk200_dense_enriched,chunk500_hybrid_enriched,1,3,4,0.27332167829229814,1.0,0.375,1.0,False,False
Family 3,thematic,mean_reciprocal_rank_at_5,chunk200_hybrid_enriched,chunk500_bm25_enriched,2,1,3,0.28504940740261275,1.0,0.5,1.0,False,False
Family 3,thematic,mean_reciprocal_rank_at_5,chunk200_hybrid_enriched,chunk500_dense_enriched,1,2,3,0.5929800980174267,1.0,0.75,1.0,False,False
Family 3,thematic,mean_reciprocal_rank_at_5,chunk200_hybrid_enriched,chunk500_hybrid_enriched,1,4,5,0.22491588401596185,1.0,0.3125,1.0,False,False
Family 3,thematic,mean_reciprocal_rank_at_5,chunk500_bm25_enriched,chunk500_dense_enriched,1,3,4,0.14412703481601533,1.0,0.25,1.0,False,False
Family 3,thematic,mean_reciprocal_rank_at_5,chunk500_bm25_enriched,chunk500_hybrid_enriched,0,4,4,0.06559969214707187,0.949766802450684,0.125,1.0,False,False
Family 3,thematic,mean_reciprocal_rank_at_5,chunk500_dense_enriched,chunk500_hybrid_enriched,0,3,3,0.10880943004054568,1.0,0.25,1.0,False,False
Family 3,comparative,anchor_coverage_at_5,chunk200_bm25_enriched,chunk200_dense_enriched,0,4,4,0.125,1.0,0.125,1.0,False,False
Family 3,comparative,anchor_coverage_at_5,chunk200_bm25_enriched,chunk200_hybrid_enriched,0,2,2,0.5,1.0,0.5,1.0,False,False
Family 3,comparative,anchor_coverage_at_5,chunk200_bm25_enriched,chunk500_bm25_enriched,2,1,3,1.0,1.0,1.0,1.0,False,False
Family 3,comparative,anchor_coverage_at_5,chunk200_bm25_enriched,chunk500_dense_enriched,0,2,2,0.5,1.0,0.5,1.0,False,False
Family 3,comparative,anchor_coverage_at_5,chunk200_bm25_enriched,chunk500_hybrid_enriched,1,2,3,1.0,1.0,1.0,1.0,False,False
Family 3,comparative,anchor_coverage_at_5,chunk200_dense_enriched,chunk200_hybrid_enriched,3,1,4,0.625,1.0,0.625,1.0,False,False
Family 3,comparative,anchor_coverage_at_5,chunk200_dense_enriched,chunk500_bm25_enriched,4,0,4,0.125,1.0,0.125,1.0,False,False
Family 3,comparative,anchor_coverage_at_5,chunk200_dense_enriched,chunk500_dense_enriched,2,0,2,0.5,1.0,0.5,1.0,False,False
Family 3,comparative,anchor_coverage_at_5,chunk200_dense_enriched,chunk500_hybrid_enriched,3,1,4,0.5,1.0,0.5,1.0,False,False
Family 3,comparative,anchor_coverage_at_5,chunk200_hybrid_enriched,chunk500_bm25_enriched,4,1,5,0.375,1.0,0.375,1.0,False,False
Family 3,comparative,anchor_coverage_at_5,chunk200_hybrid_enriched,chunk500_dense_enriched,2,2,4,1.0,1.0,1.0,1.0,False,False
Family 3,comparative,anchor_coverage_at_5,chunk200_hybrid_enriched,chunk500_hybrid_enriched,3,2,5,1.0,1.0,1.0,1.0,False,False
Family 3,comparative,anchor_coverage_at_5,chunk500_bm25_enriched,chunk500_dense_enriched,1,3,4,0.5,1.0,0.5,1.0,False,False
Family 3,comparative,anchor_coverage_at_5,chunk500_bm25_enriched,chunk500_hybrid_enriched,0,2,2,0.5,1.0,0.5,1.0,False,False
Family 3,comparative,anchor_coverage_at_5,chunk500_dense_enriched,chunk500_hybrid_enriched,2,2,4,1.0,1.0,1.0,1.0,False,False
Family 3,comparative,mean_reciprocal_rank_at_5,chunk200_bm25_enriched,chunk200_dense_enriched,2,5,7,0.46875,1.0,0.46875,1.0,False,False
Family 3,comparative,mean_reciprocal_rank_at_5,chunk200_bm25_enriched,chunk200_hybrid_enriched,0,4,4,0.125,1.0,0.125,1.0,False,False
Family 3,comparative,mean_reciprocal_rank_at_5,chunk200_bm25_enriched,chunk500_bm25_enriched,2,2,4,1.0,1.0,1.0,1.0,False,False
Family 3,comparative,mean_reciprocal_rank_at_5,chunk200_bm25_enriched,chunk500_dense_enriched,0,3,3,0.25,1.0,0.25,1.0,False,False
Family 3,comparative,mean_reciprocal_rank_at_5,chunk200_bm25_enriched,chunk500_hybrid_enriched,1,3,4,0.375,1.0,0.375,1.0,False,False
Family 3,comparative,mean_reciprocal_rank_at_5,chunk200_dense_enriched,chunk200_hybrid_enriched,4,3,7,0.8125,1.0,0.8125,1.0,False,False
Family 3,comparative,mean_reciprocal_rank_at_5,chunk200_dense_enriched,chunk500_bm25_enriched,4,2,6,0.3125,1.0,0.3125,1.0,False,False
Family 3,comparative,mean_reciprocal_rank_at_5,chunk200_dense_enriched,chunk500_dense_enriched,4,3,7,0.78125,1.0,0.78125,1.0,False,False
Family 3,comparative,mean_reciprocal_rank_at_5,chunk200_dense_enriched,chunk500_hybrid_enriched,3,5,8,1.0,1.0,1.0,1.0,False,False
Family 3,comparative,mean_reciprocal_rank_at_5,chunk200_hybrid_enriched,chunk500_bm25_enriched,4,2,6,0.25,1.0,0.25,1.0,False,False
Family 3,comparative,mean_reciprocal_rank_at_5,chunk200_hybrid_enriched,chunk500_dense_enriched,3,2,5,0.9375,1.0,0.9375,1.0,False,False
Family 3,comparative,mean_reciprocal_rank_at_5,chunk200_hybrid_enriched,chunk500_hybrid_enriched,3,3,6,0.875,1.0,0.875,1.0,False,False
Family 3,comparative,mean_reciprocal_rank_at_5,chunk500_bm25_enriched,chunk500_dense_enriched,1,4,5,0.1875,1.0,0.1875,1.0,False,False
Family 3,comparative,mean_reciprocal_rank_at_5,chunk500_bm25_enriched,chunk500_hybrid_enriched,0,4,4,0.125,1.0,0.125,1.0,False,False
Family 3,comparative,mean_reciprocal_rank_at_5,chunk500_dense_enriched,chunk500_hybrid_enriched,2,2,4,1.0,1.0,1.0,1.0,False,False
