family,scope,metric,a,b,win,loss,tie,n_nonzero,W,p_raw,p_holm,r,testable
Family 1,pooled,anchor_coverage_at_5,chunk200_bm25_enriched,chunk200_bm25,6,1,33,7,2.0,0.03742805512406306,0.07485611024812612,,True
Family 1,pooled,anchor_coverage_at_5,chunk200_dense_enriched,chunk200_dense,17,1,22,18,1.5,0.00017779835198083384,0.001066790111885003,-0.8622530501121414,True
Family 1,pooled,anchor_coverage_at_5,chunk200_hybrid_enriched,chunk200_hybrid,12,1,27,13,3.0,0.0023537196640683947,0.009414878656273579,-0.8237687232252389,True
Family 1,pooled,anchor_coverage_at_5,chunk500_bm25_enriched,chunk500_bm25,5,3,32,8,10.0,0.24821307898992362,0.24821307898992362,,True
Family 1,pooled,anchor_coverage_at_5,chunk500_dense_enriched,chunk500_dense,12,0,28,12,0.0,0.0012968957989590631,0.006484478994795316,-0.8831760866327847,True
Family 1,pooled,anchor_coverage_at_5,chunk500_hybrid_enriched,chunk500_hybrid,12,2,26,14,7.0,0.0032408345715186767,0.00972250371455603,-0.7633862853691146,True
Family 1,pooled,mean_reciprocal_rank_at_5,chunk200_bm25_enriched,chunk200_bm25,8,2,30,10,5.5,0.02446393248159611,0.04892786496319222,-0.7091242083423347,True
Family 1,pooled,mean_reciprocal_rank_at_5,chunk200_dense_enriched,chunk200_dense,19,3,18,22,19.5,0.0004970840489182559,0.0029825042935095357,-0.7406218879643297,True
Family 1,pooled,mean_reciprocal_rank_at_5,chunk200_hybrid_enriched,chunk200_hybrid,17,3,20,20,25.0,0.0027305441112201526,0.01092217644488061,-0.6678270969037458,True
Family 1,pooled,mean_reciprocal_rank_at_5,chunk500_bm25_enriched,chunk500_bm25,5,4,31,9,19.5,0.7196780071859922,0.7196780071859922,,True
Family 1,pooled,mean_reciprocal_rank_at_5,chunk500_dense_enriched,chunk500_dense,14,2,24,16,6.5,0.0013185326449949033,0.006592663224974517,-0.795022323367342,True
Family 1,pooled,mean_reciprocal_rank_at_5,chunk500_hybrid_enriched,chunk500_hybrid,13,3,24,16,16.0,0.00700666140298928,0.02101998420896784,-0.6722139969935249,True
Family 1,factual,anchor_coverage_at_5,chunk200_bm25_enriched,chunk200_bm25,4,0,10,4,0.0,0.04550026389635839,0.09100052779271678,,True
Family 1,factual,anchor_coverage_at_5,chunk200_dense_enriched,chunk200_dense,9,0,5,9,0.0,0.0026997960632601866,0.01619877637956112,,True
Family 1,factual,anchor_coverage_at_5,chunk200_hybrid_enriched,chunk200_hybrid,7,0,7,7,0.0,0.0081509715935027,0.024452914780508102,,True
Family 1,factual,anchor_coverage_at_5,chunk500_bm25_enriched,chunk500_bm25,4,1,9,5,3.0,0.17971249487899976,0.17971249487899976,,True
Family 1,factual,anchor_coverage_at_5,chunk500_dense_enriched,chunk500_dense,9,0,5,9,0.0,0.0026997960632601866,0.01619877637956112,,True
Family 1,factual,anchor_coverage_at_5,chunk500_hybrid_enriched,chunk500_hybrid,8,0,6,8,0.0,0.0046777349810472576,0.01871093992418903,,True
Family 1,factual,mean_reciprocal_rank_at_5,chunk200_bm25_enriched,chunk200_bm25,5,0,9,5,0.0,0.039359508888249725,0.07871901777649945,,True
Family 1,factual,mean_reciprocal_rank_at_5,chunk200_dense_enriched,chunk200_dense,10,1,3,11,6.0,0.015841708713670334,0.047525126141011,-0.7238059665785859,True
Family 1,factual,mean_reciprocal_rank_at_5,chunk200_hybrid_enriched,chunk200_hybrid,9,1,4,10,3.0,0.010587137334056945,0.04234854933622778,-0.7897065047448726,True
Family 1,factual,mean_reciprocal_rank_at_5,chunk500_bm25_enriched,chunk500_bm25,4,2,8,6,8.5,0.6662276454096188,0.6662276454096188,,True
Family 1,factual,mean_reciprocal_rank_at_5,chunk500_dense_enriched,chunk500_dense,10,0,4,10,0.0,0.003580327522366853,0.021481965134201118,-0.8864052604279182,True
Family 1,factual,mean_reciprocal_rank_at_5,chunk500_hybrid_enriched,chunk500_hybrid,9,0,5,9,0.0,0.0070583320485281004,0.0352916602426405,,True
Family 1,thematic,anchor_coverage_at_5,chunk200_bm25_enriched,chunk200_bm25,0,1,14,1,0.0,0.31731050786291415,1.0,,True
Family 1,thematic,anchor_coverage_at_5,chunk200_dense_enriched,chunk200_dense,2,1,12,3,1.5,0.4142161782425252,1.0,,True
Family 1,thematic,anchor_coverage_at_5,chunk200_hybrid_enriched,chunk200_hybrid,2,1,12,3,1.5,0.4142161782425252,1.0,,True
Family 1,thematic,anchor_coverage_at_5,chunk500_bm25_enriched,chunk500_bm25,0,0,15,0,,,,,False
Family 1,thematic,anchor_coverage_at_5,chunk500_dense_enriched,chunk500_dense,1,0,14,1,0.0,0.31731050786291415,1.0,,True
Family 1,thematic,anchor_coverage_at_5,chunk500_hybrid_enriched,chunk500_hybrid,2,1,12,3,2.0,0.5637028616507731,1.0,,True
Family 1,thematic,mean_reciprocal_rank_at_5,chunk200_bm25_enriched,chunk200_bm25,0,2,13,2,0.0,0.17971249487899976,0.8985624743949988,,True
Family 1,thematic,mean_reciprocal_rank_at_5,chunk200_dense_enriched,chunk200_dense,2,2,11,4,3.0,0.4652088184521418,1.0,,True
Family 1,thematic,mean_reciprocal_rank_at_5,chunk200_hybrid_enriched,chunk200_hybrid,2,2,11,4,4.0,0.7150006546880893,1.0,,True
Family 1,thematic,mean_reciprocal_rank_at_5,chunk500_bm25_enriched,chunk500_bm25,0,0,15,0,,,,,False
Family 1,thematic,mean_reciprocal_rank_at_5,chunk500_dense_enriched,chunk500_dense,1,2,12,3,2.0,0.5929800980174267,1.0,,True
Family 1,thematic,mean_reciprocal_rank_at_5,chunk500_hybrid_enriched,chunk500_hybrid,2,2,11,4,5.0,1.0,1.0,,True
Family 1,comparative,anchor_coverage_at_5,chunk200_bm25_enriched,chunk200_bm25,2,0,9,2,0.0,0.5,1.0,,True
Family 1,comparative,anchor_coverage_at_5,chunk200_dense_enriched,chunk200_dense,6,0,5,6,0.0,0.03125,0.1875,,True
Family 1,comparative,anchor_coverage_at_5,chunk200_hybrid_enriched,chunk200_hybrid,3,0,8,3,0.0,0.25,1.0,,True
Family 1,comparative,anchor_coverage_at_5,chunk500_bm25_enriched,chunk500_bm25,1,2,8,3,2.0,1.0,1.0,,True
Family 1,comparative,anchor_coverage_at_5,chunk500_dense_enriched,chunk500_dense,2,0,9,2,0.0,0.5,1.0,,True
Family 1,comparative,anchor_coverage_at_5,chunk500_hybrid_enriched,chunk500_hybrid,2,1,8,3,2.0,1.0,1.0,,True
Family 1,comparative,mean_reciprocal_rank_at_5,chunk200_bm25_enriched,chunk200_bm25,3,0,8,3,0.0,0.25,1.0,,True
Family 1,comparative,mean_reciprocal_rank_at_5,chunk200_dense_enriched,chunk200_dense,7,0,4,7,0.0,0.015625,0.09375,,True
Family 1,comparative,mean_reciprocal_rank_at_5,chunk200_hybrid_enriched,chunk200_hybrid,6,0,5,6,0.0,0.03125,0.15625,,True
Family 1,comparative,mean_reciprocal_rank_at_5,chunk500_bm25_enriched,chunk500_bm25,1,2,8,3,1.0,0.5,1.0,,True
Family 1,comparative,mean_reciprocal_rank_at_5,chunk500_dense_enriched,chunk500_dense,3,0,8,3,0.0,0.25,1.0,,True
Family 1,comparative,mean_reciprocal_rank_at_5,chunk500_hybrid_enriched,chunk500_hybrid,2,1,8,3,1.0,0.5,1.0,,True
Family 2,pooled,anchor_coverage_at_5,chunk200_bm25,chunk200_dense,4,2,34,6,6.0,0.338724147759658,1.0,,True
Family 2,pooled,anchor_coverage_at_5,chunk200_bm25,chunk200_hybrid,1,3,36,4,2.0,0.25683925795785656,1.0,,True
Family 2,pooled,anchor_coverage_at_5,chunk200_bm25,chunk500_bm25,3,4,33,7,13.0,0.8623197383894363,1.0,,True
Family 2,pooled,anchor_coverage_at_5,chunk200_bm25,chunk500_dense,3,4,33,7,11.5,0.6646116295410063,1.0,,True
Family 2,pooled,anchor_coverage_at_5,chunk200_bm25,chunk500_hybrid,2,4,34,6,10.0,0.9146213878996874,1.0,,True
Family 2,pooled,anchor_coverage_at_5,chunk200_dense,chunk200_hybrid,1,5,34,6,1.0,0.043416880216799444,0.6512532032519917,,True
Family 2,pooled,anchor_coverage_at_5,chunk200_dense,chunk500_bm25,4,7,29,11,23.0,0.3642913030897019,1.0,-0.26807628391799476,True
Family 2,pooled,anchor_coverage_at_5,chunk200_dense,chunk500_dense,3,6,31,9,17.0,0.5055707258803321,1.0,,True
Family 2,pooled,anchor_coverage_at_5,chunk200_dense,chunk500_hybrid,3,7,30,10,18.0,0.32326874915737525,1.0,-0.3062127263296445,True
Family 2,pooled,anchor_coverage_at_5,chunk200_hybrid,chunk500_bm25,6,5,29,11,28.5,0.6807533824170628,1.0,-0.12063432776309765,True
Family 2,pooled,anchor_coverage_at_5,chunk200_hybrid,chunk500_dense,5,4,31,9,14.5,0.3301911186033427,1.0,,True
Family 2,pooled,anchor_coverage_at_5,chunk200_hybrid,chunk500_hybrid,3,3,34,6,7.5,0.5164122683960384,1.0,,True
Family 2,pooled,anchor_coverage_at_5,chunk500_bm25,chunk500_dense,4,4,32,8,14.0,0.5657197991441898,1.0,,True
Family 2,pooled,anchor_coverage_at_5,chunk500_bm25,chunk500_hybrid,3,4,33,7,13.5,0.9309012350403777,1.0,,True
Family 2,pooled,anchor_coverage_at_5,chunk500_dense,chunk500_hybrid,2,3,35,5,5.5,0.580912420333197,1.0,,True
Family 2,pooled,mean_reciprocal_rank_at_5,chunk200_bm25,chunk200_dense,6,3,31,9,13.5,0.2858975599599568,1.0,,True
Family 2,pooled,mean_reciprocal_rank_at_5,chunk200_bm25,chunk200_hybrid,3,5,32,8,13.5,0.5260658393071347,1.0,,True
Family 2,pooled,mean_reciprocal_rank_at_5,chunk200_bm25,chunk500_bm25,4,4,32,8,14.5,0.6236388261276493,1.0,,True
Family 2,pooled,mean_reciprocal_rank_at_5,chunk200_bm25,chunk500_dense,4,6,30,10,21.0,0.5067954114046354,1.0,-0.20951397064659888,True
Family 2,pooled,mean_reciprocal_rank_at_5,chunk200_bm25,chunk500_hybrid,2,8,30,10,14.5,0.18457255283988294,1.0,-0.41902794129319776,True
Family 2,pooled,mean_reciprocal_rank_at_5,chunk200_dense,chunk200_hybrid,1,8,31,9,2.0,0.014978337753425034,0.22467506630137551,,True
Family 2,pooled,mean_reciprocal_rank_at_5,chunk200_dense,chunk500_bm25,4,7,29,11,22.5,0.3493356515573367,1.0,-0.2814800981138945,True
Family 2,pooled,mean_reciprocal_rank_at_5,chunk200_dense,chunk500_dense,3,8,29,11,16.0,0.13009440924007054,1.0,-0.45572968266059116,True
Family 2,pooled,mean_reciprocal_rank_at_5,chunk200_dense,chunk500_hybrid,3,9,28,12,16.5,0.07618755288506611,1.0,-0.5095246653650681,True
Family 2,pooled,mean_reciprocal_rank_at_5,chunk200_hybrid,chunk500_bm25,7,7,26,14,52.0,0.974879380658153,1.0,-0.00838886027878148,True
Family 2,pooled,mean_reciprocal_rank_at_5,chunk200_hybrid,chunk500_dense,5,6,29,11,32.5,0.9644711462440767,1.0,-0.01340381419589974,True
Family 2,pooled,mean_reciprocal_rank_at_5,chunk200_hybrid,chunk500_hybrid,4,7,29,11,24.0,0.4224478419544786,1.0,-0.2412686555261953,True
Family 2,pooled,mean_reciprocal_rank_at_5,chunk500_bm25,chunk500_dense,5,6,29,11,29.0,0.7213146313624996,1.0,-0.10723051356719791,True
Family 2,pooled,mean_reciprocal_rank_at_5,chunk500_bm25,chunk500_hybrid,3,8,29,11,16.0,0.12952312738814045,1.0,-0.45572968266059116,True
Family 2,pooled,mean_reciprocal_rank_at_5,chunk500_dense,chunk500_hybrid,3,5,32,8,11.5,0.3615470714520429,1.0,,True
Family 2,factual,anchor_coverage_at_5,chunk200_bm25,chunk200_dense,2,1,11,3,2.0,0.5637028616507731,1.0,,True
Family 2,factual,anchor_coverage_at_5,chunk200_bm25,chunk200_hybrid,0,1,13,1,0.0,0.31731050786291415,1.0,,True
Family 2,factual,anchor_coverage_at_5,chunk200_bm25,chunk500_bm25,2,2,10,4,5.0,1.0,1.0,,True
Family 2,factual,anchor_coverage_at_5,chunk200_bm25,chunk500_dense,3,1,10,4,2.5,0.31731050786291415,1.0,,True
Family 2,factual,anchor_coverage_at_5,chunk200_bm25,chunk500_hybrid,2,1,11,3,2.0,0.5637028616507731,1.0,,True
Family 2,factual,anchor_coverage_at_5,chunk200_dense,chunk200_hybrid,0,2,12,2,0.0,0.15729920705028502,1.0,,True
Family 2,factual,anchor_coverage_at_5,chunk200_dense,chunk500_bm25,2,3,9,5,6.0,0.6547208460185769,1.0,,True
Family 2,factual,anchor_coverage_at_5,chunk200_dense,chunk500_dense,2,1,11,3,2.0,0.5637028616507731,1.0,,True
Family 2,factual,anchor_coverage_at_5,chunk200_dense,chunk500_hybrid,2,2,10,4,5.0,1.0,1.0,,True
Family 2,factual,anchor_coverage_at_5,chunk200_hybrid,chunk500_bm25,3,2,9,5,6.0,0.6547208460185769,1.0,,True
Family 2,factual,anchor_coverage_at_5,chunk200_hybrid,chunk500_dense,4,1,9,5,3.0,0.17971249487899976,1.0,,True
Family 2,factual,anchor_coverage_at_5,chunk200_hybrid,chunk500_hybrid,3,1,10,4,2.5,0.31731050786291415,1.0,,True
Family 2,factual,anchor_coverage_at_5,chunk500_bm25,chunk500_dense,3,1,10,4,2.5,0.31731050786291415,1.0,,True
Family 2,factual,anchor_coverage_at_5,chunk500_bm25,chunk500_hybrid,2,1,11,3,2.0,0.5637028616507731,1.0,,True
Family 2,factual,anchor_coverage_at_5,chunk500_dense,chunk500_hybrid,1,2,11,3,2.0,0.5637028616507731,1.0,,True
Family 2,factual,mean_reciprocal_rank_at_5,chunk200_bm25,chunk200_dense,3,1,10,4,3.5,0.5807121621890252,1.0,,True
Family 2,factual,mean_reciprocal_rank_at_5,chunk200_bm25,chunk200_hybrid,1,2,11,3,2.0,0.5929800980174267,1.0,,True
Family 2,factual,mean_reciprocal_rank_at_5,chunk200_bm25,chunk500_bm25,2,2,10,4,4.5,0.8539232992870668,1.0,,True
Family 2,factual,mean_reciprocal_rank_at_5,chunk200_bm25,chunk500_dense,3,1,10,4,2.5,0.3572725590318747,1.0,,True
Family 2,factual,mean_reciprocal_rank_at_5,chunk200_bm25,chunk500_hybrid,2,2,10,4,4.5,0.8539232992870668,1.0,,True
Family 2,factual,mean_reciprocal_rank_at_5,chunk200_dense,chunk200_hybrid,0,3,11,3,0.0,0.10247043485974937,1.0,,True
Family 2,factual,mean_reciprocal_rank_at_5,chunk200_dense,chunk500_bm25,2,3,9,5,6.0,0.6830913983096087,1.0,,True
Family 2,factual,mean_reciprocal_rank_at_5,chunk200_dense,chunk500_dense,2,1,11,3,2.0,0.5929800980174267,1.0,,True
Family 2,factual,mean_reciprocal_rank_at_5,chunk200_dense,chunk500_hybrid,2,2,10,4,4.5,0.8539232992870668,1.0,,True
Family 2,factual,mean_reciprocal_rank_at_5,chunk200_hybrid,chunk500_bm25,3,3,8,6,8.5,0.6732899796599957,1.0,,True
Family 2,factual,mean_reciprocal_rank_at_5,chunk200_hybrid,chunk500_dense,4,1,9,5,3.0,0.22067136191984693,1.0,,True
Family 2,factual,mean_reciprocal_rank_at_5,chunk200_hybrid,chunk500_hybrid,3,2,9,5,6.0,0.6802795473344503,1.0,,True
Family 2,factual,mean_reciprocal_rank_at_5,chunk500_bm25,chunk500_dense,3,1,10,4,2.0,0.27332167829229814,1.0,,True
Family 2,factual,mean_reciprocal_rank_at_5,chunk500_bm25,chunk500_hybrid,2,2,10,4,5.0,1.0,1.0,,True
Family 2,factual,mean_reciprocal_rank_at_5,chunk500_dense,chunk500_hybrid,1,2,11,3,1.0,0.28504940740261275,1.0,,True
Family 2,thematic,anchor_coverage_at_5,chunk200_bm25,chunk200_dense,1,1,13,2,1.0,0.6547208460185769,1.0,,True
Family 2,thematic,anchor_coverage_at_5,chunk200_bm25,chunk200_hybrid,1,1,13,2,1.5,1.0,1.0,,True
Family 2,thematic,anchor_coverage_at_5,chunk200_bm25,chunk500_bm25,1,0,14,1,0.0,0.31731050786291415,1.0,,True
Family 2,thematic,anchor_coverage_at_5,chunk200_bm25,chunk500_dense,0,1,14,1,0.0,0.31731050786291415,1.0,,True
Family 2,thematic,anchor_coverage_at_5,chunk200_bm25,chunk500_hybrid,0,1,14,1,0.0,0.31731050786291415,1.0,,True
Family 2,thematic,anchor_coverage_at_5,chunk200_dense,chunk200_hybrid,1,1,13,2,1.0,0.6547208460185769,1.0,,True
Family 2,thematic,anchor_coverage_at_5,chunk200_dense,chunk500_bm25,2,1,12,3,2.5,0.7854947471183542,1.0,,True
Family 2,thematic,anchor_coverage_at_5,chunk200_dense,chunk500_dense,1,2,12,3,1.0,0.27630291733748347,1.0,,True
Family 2,thematic,anchor_coverage_at_5,chunk200_dense,chunk500_hybrid,1,2,12,3,1.0,0.27630291733748347,1.0,,True
Family 2,thematic,anchor_coverage_at_5,chunk200_hybrid,chunk500_bm25,2,1,12,3,2.0,0.5637028616507731,1.0,,True
Family 2,thematic,anchor_coverage_at_5,chunk200_hybrid,chunk500_dense,1,2,12,3,2.0,0.5637028616507731,1.0,,True
Family 2,thematic,anchor_coverage_at_5,chunk200_hybrid,chunk500_hybrid,0,1,14,1,0.0,0.31731050786291415,1.0,,True
Family 2,thematic,anchor_coverage_at_5,chunk500_bm25,chunk500_dense,0,2,13,2,0.0,0.15729920705028502,1.0,,True
Family 2,thematic,anchor_coverage_at_5,chunk500_bm25,chunk500_hybrid,0,2,13,2,0.0,0.15729920705028502,1.0,,True
Family 2,thematic,anchor_coverage_at_5,chunk500_dense,chunk500_hybrid,1,1,13,2,1.5,1.0,1.0,,True
Family 2,thematic,mean_reciprocal_rank_at_5,chunk200_bm25,chunk200_dense,1,2,12,3,3.0,1.0,1.0,,True
Family 2,thematic,mean_reciprocal_rank_at_5,chunk200_bm25,chunk200_hybrid,1,2,12,3,1.5,0.4142161782425252,1.0,,True
Family 2,thematic,mean_reciprocal_rank_at_5,chunk200_bm25,chunk500_bm25,1,0,14,1,0.0,0.31731050786291415,1.0,,True
Family 2,thematic,mean_reciprocal_rank_at_5,chunk200_bm25,chunk500_dense,0,2,13,2,0.0,0.17971249487899976,1.0,,True
Family 2,thematic,mean_reciprocal_rank_at_5,chunk200_bm25,chunk500_hybrid,0,3,12,3,0.0,0.10880943004054568,1.0,,True
Family 2,thematic,mean_reciprocal_rank_at_5,chunk200_dense,chunk200_hybrid,1,2,12,3,1.0,0.28504940740261275,1.0,,True
Family 2,thematic,mean_reciprocal_rank_at_5,chunk200_dense,chunk500_bm25,2,1,12,3,2.0,0.5929800980174267,1.0,,True
Family 2,thematic,mean_reciprocal_rank_at_5,chunk200_dense,chunk500_dense,1,3,11,4,1.0,0.14412703481601533,1.0,,True
Family 2,thematic,mean_reciprocal_rank_at_5,chunk200_dense,chunk500_hybrid,1,3,11,4,1.0,0.14077277337135014,1.0,,True
Family 2,thematic,mean_reciprocal_rank_at_5,chunk200_hybrid,chunk500_bm25,2,1,12,3,1.5,0.4142161782425252,1.0,,True
Family 2,thematic,mean_reciprocal_rank_at_5,chunk200_hybrid,chunk500_dense,1,2,12,3,1.5,0.4142161782425252,1.0,,True
Family 2,thematic,mean_reciprocal_rank_at_5,chunk200_hybrid,chunk500_hybrid,0,2,13,2,0.0,0.17971249487899976,1.0,,True
Family 2,thematic,mean_reciprocal_rank_at_5,chunk500_bm25,chunk500_dense,0,2,13,2,0.0,0.15729920705028502,1.0,,True
Family 2,thematic,mean_reciprocal_rank_at_5,chunk500_bm25,chunk500_hybrid,0,3,12,3,0.0,0.10880943004054568,1.0,,True
Family 2,thematic,mean_reciprocal_rank_at_5,chunk500_dense,chunk500_hybrid,1,2,12,3,3.0,1.0,1.0,,True
Family 2,comparative,anchor_coverage_at_5,chunk200_bm25,chunk200_dense,1,0,10,1,0.0,1.0,1.0,,True
Family 2,comparative,anchor_coverage_at_5,chunk200_bm25,chunk200_hybrid,0,1,10,1,0.0,1.0,1.0,,True
Family 2,comparative,anchor_coverage_at_5,chunk200_bm25,chunk500_bm25,0,2,9,2,0.0,0.5,1.0,,True
Family 2,comparative,anchor_coverage_at_5,chunk200_bm25,chunk500_dense,0,2,9,2,0.0,0.5,1.0,,True
Family 2,comparative,anchor_coverage_at_5,chunk200_bm25,chunk500_hybrid,0,2,9,2,0.0,0.5,1.0,,True
Family 2,comparative,anchor_coverage_at_5,chunk200_dense,chunk200_hybrid,0,2,9,2,0.0,0.5,1.0,,True
Family 2,comparative,anchor_coverage_at_5,chunk200_dense,chunk500_bm25,0,3,8,3,0.0,0.25,1.0,,True
Family 2,comparative,anchor_coverage_at_5,chunk200_dense,chunk500_dense,0,3,8,3,0.0,0.25,1.0,,True
Family 2,comparative,anchor_coverage_at_5,chunk200_dense,chunk500_hybrid,0,3,8,3,0.0,0.25,1.0,,True
Family 2,comparative,anchor_coverage_at_5,chunk200_hybrid,chunk500_bm25,1,2,8,3,2.0,1.0,1.0,,True
Family 2,comparative,anchor_coverage_at_5,chunk200_hybrid,chunk500_dense,0,1,10,1,0.0,1.0,1.0,,True
Family 2,comparative,anchor_coverage_at_5,chunk200_hybrid,chunk500_hybrid,0,1,10,1,0.0,1.0,1.0,,True
Family 2,comparative,anchor_coverage_at_5,chunk500_bm25,chunk500_dense,1,1,9,2,1.5,1.0,1.0,,True
Family 2,comparative,anchor_coverage_at_5,chunk500_bm25,chunk500_hybrid,1,1,9,2,1.5,1.0,1.0,,True
Family 2,comparative,anchor_coverage_at_5,chunk500_dense,chunk500_hybrid,0,0,11,0,,,,,False
Family 2,comparative,mean_reciprocal_rank_at_5,chunk200_bm25,chunk200_dense,2,0,9,2,0.0,0.5,1.0,,True
Family 2,comparative,mean_reciprocal_rank_at_5,chunk200_bm25,chunk200_hybrid,1,1,9,2,1.0,1.0,1.0,,True
Family 2,comparative,mean_reciprocal_rank_at_5,chunk200_bm25,chunk500_bm25,1,2,8,3,1.0,0.5,1.0,,True
Family 2,comparative,mean_reciprocal_rank_at_5,chunk200_bm25,chunk500_dense,1,3,7,4,2.5,0.5,1.0,,True
Family 2,comparative,mean_reciprocal_rank_at_5,chunk200_bm25,chunk500_hybrid,0,3,8,3,0.0,0.25,1.0,,True
Family 2,comparative,mean_reciprocal_rank_at_5,chunk200_dense,chunk200_hybrid,0,3,8,3,0.0,0.25,1.0,,True
Family 2,comparative,mean_reciprocal_rank_at_5,chunk200_dense,chunk500_bm25,0,3,8,3,0.0,0.25,1.0,,True
Family 2,comparative,mean_reciprocal_rank_at_5,chunk200_dense,chunk500_dense,0,4,7,4,0.0,0.125,1.0,,True
Family 2,comparative,mean_reciprocal_rank_at_5,chunk200_dense,chunk500_hybrid,0,4,7,4,0.0,0.125,1.0,,True
Family 2,comparative,mean_reciprocal_rank_at_5,chunk200_hybrid,chunk500_bm25,2,3,6,5,3.5,0.375,1.0,,True
Family 2,comparative,mean_reciprocal_rank_at_5,chunk200_hybrid,chunk500_dense,0,3,8,3,0.0,0.25,1.0,,True
Family 2,comparative,mean_reciprocal_rank_at_5,chunk200_hybrid,chunk500_hybrid,1,3,7,4,1.0,0.25,1.0,,True
Family 2,comparative,mean_reciprocal_rank_at_5,chunk500_bm25,chunk500_dense,2,3,6,5,5.0,0.6875,1.0,,True
Family 2,comparative,mean_reciprocal_rank_at_5,chunk500_bm25,chunk500_hybrid,1,3,7,4,2.0,0.375,1.0,,True
Family 2,comparative,mean_reciprocal_rank_at_5,chunk500_dense,chunk500_hybrid,1,1,9,2,1.0,1.0,1.0,,True
Family 3,pooled,anchor_coverage_at_5,chunk200_bm25_enriched,chunk200_dense_enriched,2,12,26,14,16.5,0.020756931750639907,0.2490831810076789,-0.6039979400722664,True
Family 3,pooled,anchor_coverage_at_5,chunk200_bm25_enriched,chunk200_hybrid_enriched,1,9,30,10,7.5,0.036414984519271706,0.3641498451927171,-0.6446583712203042,True
Family 3,pooled,anchor_coverage_at_5,chunk200_bm25_enriched,chunk500_bm25_enriched,5,3,32,8,14.0,0.5637028616507731,1.0,,True
Family 3,pooled,anchor_coverage_at_5,chunk200_bm25_enriched,chunk500_dense_enriched,2,10,28,12,18.0,0.08955507441364255,0.7164405953091404,-0.47555635434073024,True
Family 3,pooled,anchor_coverage_at_5,chunk200_bm25_enriched,chunk500_hybrid_enriched,2,9,29,11,12.5,0.060886840039593826,0.5479815603563445,-0.5495563820318893,True
Family 3,pooled,anchor_coverage_at_5,chunk200_dense_enriched,chunk200_hybrid_enriched,4,3,33,7,10.0,0.4697988825336007,1.0,,True
Family 3,pooled,anchor_coverage_at_5,chunk200_dense_enriched,chunk500_bm25_enriched,12,1,27,13,4.5,0.0034052358212947604,0.051078537319421406,-0.7946945329937599,True
Family 3,pooled,anchor_coverage_at_5,chunk200_dense_enriched,chunk500_dense_enriched,4,2,34,6,7.0,0.45035134358487394,1.0,,True
Family 3,pooled,anchor_coverage_at_5,chunk200_dense_enriched,chunk500_hybrid_enriched,5,3,32,8,12.0,0.3883232289789247,1.0,,True
Family 3,pooled,anchor_coverage_at_5,chunk200_hybrid_enriched,chunk500_bm25_enriched,11,1,28,12,3.5,0.0044314325694077925,0.0620400559717091,-0.8039166942426631,True
Family 3,pooled,anchor_coverage_at_5,chunk200_hybrid_enriched,chunk500_dense_enriched,4,4,32,8,14.0,0.5580088344574561,1.0,,True
Family 3,pooled,anchor_coverage_at_5,chunk200_hybrid_enriched,chunk500_hybrid_enriched,5,4,31,9,16.0,0.41741292343058733,1.0,,True
Family 3,pooled,anchor_coverage_at_5,chunk500_bm25_enriched,chunk500_dense_enriched,2,11,27,13,13.5,0.021381691163120643,0.2490831810076789,-0.6202493916048858,True
Family 3,pooled,anchor_coverage_at_5,chunk500_bm25_enriched,chunk500_hybrid_enriched,0,9,31,9,0.0,0.00616989932054416,0.08020869116707408,,True
Family 3,pooled,anchor_coverage_at_5,chunk500_dense_enriched,chunk500_hybrid_enriched,3,3,34,6,9.0,0.7477301646241347,1.0,,True
Family 3,pooled,mean_reciprocal_rank_at_5,chunk200_bm25_enriched,chunk200_dense_enriched,6,16,18,22,78.5,0.11839559287338726,0.9471647429870981,-0.3322415946008208,True
Family 3,pooled,mean_reciprocal_rank_at_5,chunk200_bm25_enriched,chunk200_hybrid_enriched,2,14,24,16,15.5,0.0065248215971748565,0.07829785916609827,-0.6786775931184627,True
Family 3,pooled,mean_reciprocal_rank_at_5,chunk200_bm25_enriched,chunk500_bm25_enriched,7,6,27,13,29.0,0.24828546343650038,1.0,-0.31981609254626925,True
Family 3,pooled,mean_reciprocal_rank_at_5,chunk200_bm25_enriched,chunk500_dense_enriched,3,14,23,17,30.0,0.026917072925542494,0.26917072925542496,-0.5338747457894917,True
Family 3,pooled,mean_reciprocal_rank_at_5,chunk200_bm25_enriched,chunk500_hybrid_enriched,4,14,22,18,42.0,0.05757133578815882,0.5181420220934294,-0.4465239009509303,True
Family 3,pooled,mean_reciprocal_rank_at_5,chunk200_dense_enriched,chunk200_hybrid_enriched,7,11,22,18,64.5,0.35996803730808224,1.0,-0.21556326252803534,True
Family 3,pooled,mean_reciprocal_rank_at_5,chunk200_dense_enriched,chunk500_bm25_enriched,16,4,20,20,32.5,0.006681913953202974,0.07829785916609827,-0.6052183065690195,True
Family 3,pooled,mean_reciprocal_rank_at_5,chunk200_dense_enriched,chunk500_dense_enriched,7,11,22,18,60.0,0.2664285829701688,1.0,-0.26175539021261435,True
Family 3,pooled,mean_reciprocal_rank_at_5,chunk200_dense_enriched,chunk500_hybrid_enriched,9,13,18,22,117.5,0.7698014836092583,1.0,-0.062295298987653895,True
Family 3,pooled,mean_reciprocal_rank_at_5,chunk200_hybrid_enriched,chunk500_bm25_enriched,16,3,21,19,7.5,0.0004221527287144085,0.005910138202001719,-0.8078165967301584,True
Family 3,pooled,mean_reciprocal_rank_at_5,chunk200_hybrid_enriched,chunk500_dense_enriched,6,6,28,12,38.5,0.9686278814116681,1.0,-0.01132277034144596,True
Family 3,pooled,mean_reciprocal_rank_at_5,chunk200_hybrid_enriched,chunk500_hybrid_enriched,9,9,22,18,75.5,0.6625959372280352,1.0,-0.10264917263239777,True
Family 3,pooled,mean_reciprocal_rank_at_5,chunk500_bm25_enriched,chunk500_dense_enriched,3,17,20,20,24.0,0.0024239535462439216,0.03151139610117098,-0.6761749356150425,True
Family 3,pooled,mean_reciprocal_rank_at_5,chunk500_bm25_enriched,chunk500_hybrid_enriched,0,17,23,17,0.0,0.00028734688212536007,0.0043102032318804015,-0.8783100656536799,True
Family 3,pooled,mean_reciprocal_rank_at_5,chunk500_dense_enriched,chunk500_hybrid_enriched,7,7,26,14,43.5,0.5718922635979182,1.0,-0.1509994850180666,True
Family 3,factual,anchor_coverage_at_5,chunk200_bm25_enriched,chunk200_dense_enriched,1,5,8,6,3.5,0.10247043485974941,1.0,,True
Family 3,factual,anchor_coverage_at_5,chunk200_bm25_enriched,chunk200_hybrid_enriched,1,5,8,6,3.5,0.10247043485974941,1.0,,True
Family 3,factual,anchor_coverage_at_5,chunk200_bm25_enriched,chunk500_bm25_enriched,3,2,9,5,6.0,0.6547208460185769,1.0,,True
Family 3,factual,anchor_coverage_at_5,chunk200_bm25_enriched,chunk500_dense_enriched,2,5,7,7,8.0,0.25683925795785656,1.0,,True
Family 3,factual,anchor_coverage_at_5,chunk200_bm25_enriched,chunk500_hybrid_enriched,1,4,9,5,3.0,0.17971249487899976,1.0,,True
Family 3,factual,anchor_coverage_at_5,chunk200_dense_enriched,chunk200_hybrid_enriched,0,0,14,0,,,,,False
Family 3,factual,anchor_coverage_at_5,chunk200_dense_enriched,chunk500_bm25_enriched,5,0,9,5,0.0,0.025347318677468252,0.3548624614845555,,True
Family 3,factual,anchor_coverage_at_5,chunk200_dense_enriched,chunk500_dense_enriched,1,0,13,1,0.0,0.31731050786291415,1.0,,True
Family 3,factual,anchor_coverage_at_5,chunk200_dense_enriched,chunk500_hybrid_enriched,1,0,13,1,0.0,0.31731050786291415,1.0,,True
Family 3,factual,anchor_coverage_at_5,chunk200_hybrid_enriched,chunk500_bm25_enriched,5,0,9,5,0.0,0.025347318677468252,0.3548624614845555,,True
Family 3,factual,anchor_coverage_at_5,chunk200_hybrid_enriched,chunk500_dense_enriched,1,0,13,1,0.0,0.31731050786291415,1.0,,True
Family 3,factual,anchor_coverage_at_5,chunk200_hybrid_enriched,chunk500_hybrid_enriched,1,0,13,1,0.0,0.31731050786291415,1.0,,True
Family 3,factual,anchor_coverage_at_5,chunk500_bm25_enriched,chunk500_dense_enriched,1,5,8,6,3.5,0.10247043485974941,1.0,,True
Family 3,factual,anchor_coverage_at_5,chunk500_bm25_enriched,chunk500_hybrid_enriched,0,4,10,4,0.0,0.04550026389635839,0.5460031667563007,,True
Family 3,factual,anchor_coverage_at_5,chunk500_dense_enriched,chunk500_hybrid_enriched,1,1,12,2,1.5,1.0,1.0,,True
Family 3,factual,mean_reciprocal_rank_at_5,chunk200_bm25_enriched,chunk200_dense_enriched,3,8,3,11,22.5,0.34837650549797505,1.0,-0.2814800981138945,True
Family 3,factual,mean_reciprocal_rank_at_5,chunk200_bm25_enriched,chunk200_hybrid_enriched,1,8,5,9,7.5,0.07274204006810549,0.8001624407491603,,True
Family 3,factual,mean_reciprocal_rank_at_5,chunk200_bm25_enriched,chunk500_bm25_enriched,5,3,6,8,8.5,0.18181616460470695,1.0,,True
Family 3,factual,mean_reciprocal_rank_at_5,chunk200_bm25_enriched,chunk500_dense_enriched,2,8,4,10,15.0,0.19219903638649327,1.0,-0.40291148201269017,True
Family 3,factual,mean_reciprocal_rank_at_5,chunk200_bm25_enriched,chunk500_hybrid_enriched,3,7,4,10,16.5,0.2603272787106181,1.0,-0.35456210417116735,True
Family 3,factual,mean_reciprocal_rank_at_5,chunk200_dense_enriched,chunk200_hybrid_enriched,2,5,7,7,4.0,0.08808151166219029,0.8808151166219029,,True
Family 3,factual,mean_reciprocal_rank_at_5,chunk200_dense_enriched,chunk500_bm25_enriched,9,1,4,10,6.0,0.027904030795170242,0.3627524003372131,-0.693007749061827,True
Family 3,factual,mean_reciprocal_rank_at_5,chunk200_dense_enriched,chunk500_dense_enriched,2,5,7,7,5.0,0.12750833049058283,1.0,,True
Family 3,factual,mean_reciprocal_rank_at_5,chunk200_dense_enriched,chunk500_hybrid_enriched,5,5,4,10,26.0,0.8779299426114896,1.0,-0.048349377841522816,True
Family 3,factual,mean_reciprocal_rank_at_5,chunk200_hybrid_enriched,chunk500_bm25_enriched,10,0,4,10,0.0,0.004753229214898705,0.07129843822348057,-0.8864052604279182,True
Family 3,factual,mean_reciprocal_rank_at_5,chunk200_hybrid_enriched,chunk500_dense_enriched,2,2,10,4,3.5,0.5807121621890252,1.0,,True
Family 3,factual,mean_reciprocal_rank_at_5,chunk200_hybrid_enriched,chunk500_hybrid_enriched,5,2,7,7,7.0,0.23420128325876344,1.0,,True
Family 3,factual,mean_reciprocal_rank_at_5,chunk500_bm25_enriched,chunk500_dense_enriched,1,10,3,11,9.0,0.030295168108521862,0.3635420173022623,-0.6433830814031875,True
Family 3,factual,mean_reciprocal_rank_at_5,chunk500_bm25_enriched,chunk500_hybrid_enriched,0,9,5,9,0.0,0.007420961287866498,0.10389345803013098,,True
Family 3,factual,mean_reciprocal_rank_at_5,chunk500_dense_enriched,chunk500_hybrid_enriched,5,2,7,7,10.5,0.5526912087941886,1.0,,True
Family 3,thematic,anchor_coverage_at_5,chunk200_bm25_enriched,chunk200_dense_enriched,1,3,11,4,3.0,0.4496917979688909,1.0,,True
Family 3,thematic,anchor_coverage_at_5,chunk200_bm25_enriched,chunk200_hybrid_enriched,0,2,13,2,0.0,0.17971249487899976,1.0,,True
Family 3,thematic,anchor_coverage_at_5,chunk200_bm25_enriched,chunk500_bm25_enriched,0,0,15,0,,,,,False
Family 3,thematic,anchor_coverage_at_5,chunk200_bm25_enriched,chunk500_dense_enriched,0,3,12,3,0.0,0.0832645166635504,1.0,,True
Family 3,thematic,anchor_coverage_at_5,chunk200_bm25_enriched,chunk500_hybrid_enriched,0,3,12,3,0.0,0.0832645166635504,1.0,,True
Family 3,thematic,anchor_coverage_at_5,chunk200_dense_enriched,chunk200_hybrid_enriched,1,2,12,3,2.5,0.7854947471183542,1.0,,True
Family 3,thematic,anchor_coverage_at_5,chunk200_dense_enriched,chunk500_bm25_enriched,3,1,11,4,3.0,0.4496917979688909,1.0,,True
Family 3,thematic,anchor_coverage_at_5,chunk200_dense_enriched,chunk500_dense_enriched,1,2,12,3,1.0,0.27630291733748347,1.0,,True
Family 3,thematic,anchor_coverage_at_5,chunk200_dense_enriched,chunk500_hybrid_enriched,1,2,12,3,1.0,0.27630291733748347,1.0,,True
Family 3,thematic,anchor_coverage_at_5,chunk200_hybrid_enriched,chunk500_bm25_enriched,2,0,13,2,0.0,0.17971249487899976,1.0,,True
Family 3,thematic,anchor_coverage_at_5,chunk200_hybrid_enriched,chunk500_dense_enriched,1,2,12,3,3.0,1.0,1.0,,True
Family 3,thematic,anchor_coverage_at_5,chunk200_hybrid_enriched,chunk500_hybrid_enriched,1,2,12,3,3.0,1.0,1.0,,True
Family 3,thematic,anchor_coverage_at_5,chunk500_bm25_enriched,chunk500_dense_enriched,0,3,12,3,0.0,0.0832645166635504,1.0,,True
Family 3,thematic,anchor_coverage_at_5,chunk500_bm25_enriched,chunk500_hybrid_enriched,0,3,12,3,0.0,0.0832645166635504,1.0,,True
Family 3,thematic,anchor_coverage_at_5,chunk500_dense_enriched,chunk500_hybrid_enriched,0,0,15,0,,,,,False
Family 3,thematic,mean_reciprocal_rank_at_5,chunk200_bm25_enriched,chunk200_dense_enriched,1,3,11,4,1.0,0.14077277337135014,1.0,,True
Family 3,thematic,mean_reciprocal_rank_at_5,chunk200_bm25_enriched,chunk200_hybrid_enriched,1,2,12,3,1.0,0.28504940740261275,1.0,,True
Family 3,thematic,mean_reciprocal_rank_at_5,chunk200_bm25_enriched,chunk500_bm25_enriched,0,1,14,1,0.0,0.31731050786291415,1.0,,True
Family 3,thematic,mean_reciprocal_rank_at_5,chunk200_bm25_enriched,chunk500_dense_enriched,1,3,11,4,1.0,0.14412703481601533,1.0,,True
Family 3,thematic,mean_reciprocal_rank_at_5,chunk200_bm25_enriched,chunk500_hybrid_enriched,0,4,11,4,0.0,0.0633177868300456,0.949766802450684,,True
Family 3,thematic,mean_reciprocal_rank_at_5,chunk200_dense_enriched,chunk200_hybrid_enriched,1,3,11,4,4.0,0.7150006546880893,1.0,,True
Family 3,thematic,mean_reciprocal_rank_at_5,chunk200_dense_enriched,chunk500_bm25_enriched,3,1,11,4,2.0,0.25683925795785656,1.0,,True
Family 3,thematic,mean_reciprocal_rank_at_5,chunk200_dense_enriched,chunk500_dense_enriched,1,3,11,4,4.0,0.7127018566581784,1.0,,True
Family 3,thematic,mean_reciprocal_rank_at_5,chunk200_dense_enriched,chunk500_hybrid_enriched,1,3,11,4,2.0,0.27332167829229814,1.0,,True
Family 3,thematic,mean_reciprocal_rank_at_5,chunk200_hybrid_enriched,chunk500_bm25_enriched,2,1,12,3,1.0,0.28504940740261275,1.0,,True
Family 3,thematic,mean_reciprocal_rank_at_5,chunk200_hybrid_enriched,chunk500_dense_enriched,1,2,12,3,2.0,0.5929800980174267,1.0,,True
Family 3,thematic,mean_reciprocal_rank_at_5,chunk200_hybrid_enriched,chunk500_hybrid_enriched,1,4,10,5,3.0,0.22491588401596185,1.0,,True
Family 3,thematic,mean_reciprocal_rank_at_5,chunk500_bm25_enriched,chunk500_dense_enriched,1,3,11,4,1.0,0.14412703481601533,1.0,,True
Family 3,thematic,mean_reciprocal_rank_at_5,chunk500_bm25_enriched,chunk500_hybrid_enriched,0,4,11,4,0.0,0.06559969214707187,0.949766802450684,,True
Family 3,thematic,mean_reciprocal_rank_at_5,chunk500_dense_enriched,chunk500_hybrid_enriched,0,3,12,3,0.0,0.10880943004054568,1.0,,True
Family 3,comparative,anchor_coverage_at_5,chunk200_bm25_enriched,chunk200_dense_enriched,0,4,7,4,0.0,0.125,1.0,,True
Family 3,comparative,anchor_coverage_at_5,chunk200_bm25_enriched,chunk200_hybrid_enriched,0,2,9,2,0.0,0.5,1.0,,True
Family 3,comparative,anchor_coverage_at_5,chunk200_bm25_enriched,chunk500_bm25_enriched,2,1,8,3,2.0,1.0,1.0,,True
Family 3,comparative,anchor_coverage_at_5,chunk200_bm25_enriched,chunk500_dense_enriched,0,2,9,2,0.0,0.5,1.0,,True
Family 3,comparative,anchor_coverage_at_5,chunk200_bm25_enriched,chunk500_hybrid_enriched,1,2,8,3,2.0,1.0,1.0,,True
Family 3,comparative,anchor_coverage_at_5,chunk200_dense_enriched,chunk200_hybrid_enriched,3,1,7,4,2.5,0.625,1.0,,True
Family 3,comparative,anchor_coverage_at_5,chunk200_dense_enriched,chunk500_bm25_enriched,4,0,7,4,0.0,0.125,1.0,,True
Family 3,comparative,anchor_coverage_at_5,chunk200_dense_enriched,chunk500_dense_enriched,2,0,9,2,0.0,0.5,1.0,,True
Family 3,comparative,anchor_coverage_at_5,chunk200_dense_enriched,chunk500_hybrid_enriched,3,1,7,4,2.0,0.5,1.0,,True
Family 3,comparative,anchor_coverage_at_5,chunk200_hybrid_enriched,chunk500_bm25_enriched,4,1,6,5,3.0,0.375,1.0,,True
Family 3,comparative,anchor_coverage_at_5,chunk200_hybrid_enriched,chunk500_dense_enriched,2,2,7,4,5.0,1.0,1.0,,True
Family 3,comparative,anchor_coverage_at_5,chunk200_hybrid_enriched,chunk500_hybrid_enriched,3,2,6,5,6.0,1.0,1.0,,True
Family 3,comparative,anchor_coverage_at_5,chunk500_bm25_enriched,chunk500_dense_enriched,1,3,7,4,2.0,0.5,1.0,,True
Family 3,comparative,anchor_coverage_at_5,chunk500_bm25_enriched,chunk500_hybrid_enriched,0,2,9,2,0.0,0.5,1.0,,True
Family 3,comparative,anchor_coverage_at_5,chunk500_dense_enriched,chunk500_hybrid_enriched,2,2,7,4,4.0,1.0,1.0,,True
Family 3,comparative,mean_reciprocal_rank_at_5,chunk200_bm25_enriched,chunk200_dense_enriched,2,5,4,7,9.0,0.46875,1.0,,True
Family 3,comparative,mean_reciprocal_rank_at_5,chunk200_bm25_enriched,chunk200_hybrid_enriched,0,4,7,4,0.0,0.125,1.0,,True
Family 3,comparative,mean_reciprocal_rank_at_5,chunk200_bm25_enriched,chunk500_bm25_enriched,2,2,7,4,4.5,1.0,1.0,,True
Family 3,comparative,mean_reciprocal_rank_at_5,chunk200_bm25_enriched,chunk500_dense_enriched,0,3,8,3,0.0,0.25,1.0,,True
Family 3,comparative,mean_reciprocal_rank_at_5,chunk200_bm25_enriched,chunk500_hybrid_enriched,1,3,7,4,1.5,0.375,1.0,,True
Family 3,comparative,mean_reciprocal_rank_at_5,chunk200_dense_enriched,chunk200_hybrid_enriched,4,3,4,7,12.0,0.8125,1.0,,True
Family 3,comparative,mean_reciprocal_rank_at_5,chunk200_dense_enriched,chunk500_bm25_enriched,4,2,5,6,5.0,0.3125,1.0,,True
Family 3,comparative,mean_reciprocal_rank_at_5,chunk200_dense_enriched,chunk500_dense_enriched,4,3,4,7,12.0,0.78125,1.0,,True
Family 3,comparative,mean_reciprocal_rank_at_5,chunk200_dense_enriched,chunk500_hybrid_enriched,3,5,3,8,18.0,1.0,1.0,,True
Family 3,comparative,mean_reciprocal_rank_at_5,chunk200_hybrid_enriched,chunk500_bm25_enriched,4,2,5,6,4.5,0.25,1.0,,True
Family 3,comparative,mean_reciprocal_rank_at_5,chunk200_hybrid_enriched,chunk500_dense_enriched,3,2,6,5,6.5,0.9375,1.0,,True
Family 3,comparative,mean_reciprocal_rank_at_5,chunk200_hybrid_enriched,chunk500_hybrid_enriched,3,3,5,6,9.5,0.875,1.0,,True
Family 3,comparative,mean_reciprocal_rank_at_5,chunk500_bm25_enriched,chunk500_dense_enriched,1,4,6,5,2.0,0.1875,1.0,,True
Family 3,comparative,mean_reciprocal_rank_at_5,chunk500_bm25_enriched,chunk500_hybrid_enriched,0,4,7,4,0.0,0.125,1.0,,True
Family 3,comparative,mean_reciprocal_rank_at_5,chunk500_dense_enriched,chunk500_hybrid_enriched,2,2,7,4,5.0,1.0,1.0,,True
